num_step,num_tokens,path
556000,2459566080000,s3://ai2-llm/checkpoints/7b/v1_5-mix-mitch-ish/step556000
555000,2455142400000,s3://ai2-llm/checkpoints/7b/v1_5-mix-mitch-ish/step555000
554000,2450718720000,s3://ai2-llm/checkpoints/7b/v1_5-mix-mitch-ish/step554000
553000,2446295040000,s3://ai2-llm/checkpoints/7b/v1_5-mix-mitch-ish/step553000
552000,2441871360000,s3://ai2-llm/checkpoints/7b/v1_5-mix-mitch-ish/step552000
551000,2437447680000,s3://ai2-llm/checkpoints/7b/v1_5-mix-mitch-ish/step551000
550000,2433024000000,s3://ai2-llm/checkpoints/7b/v1_5-mix-mitch-ish/step550000
549000,2428600320000,s3://ai2-llm/checkpoints/7b/v1_5-mix-mitch-ish/step549000
548000,2424176640000,s3://ai2-llm/checkpoints/7b/v1_5-mix-mitch-ish/step548000
547000,2419752960000,s3://ai2-llm/checkpoints/7b/v1_5-mix-mitch-ish/step547000
546000,2415329280000,s3://ai2-llm/checkpoints/7b/v1_5-mix-mitch-ish/step546000
545000,2410905600000,s3://ai2-llm/checkpoints/7b/v1_5-mix-mitch-ish/step545000
544000,2406481920000,s3://ai2-llm/checkpoints/7b/v1_5-mix-mitch-ish/step544000
543000,2402058240000,s3://ai2-llm/checkpoints/7b/v1_5-mix-mitch-ish/step543000
542000,2397634560000,s3://ai2-llm/checkpoints/7b/v1_5-mix-mitch-ish/step542000
541000,2393210880000,s3://ai2-llm/checkpoints/7b/v1_5-mix-mitch-ish/step541000
540000,2388787200000,s3://ai2-llm/checkpoints/7b/v1_5-mix-mitch-ish/step540000
539000,2384363520000,s3://ai2-llm/checkpoints/7b/v1_5-mix-mitch-ish/step539000
538000,2379939840000,s3://ai2-llm/checkpoints/7b/v1_5-mix-mitch-ish/step538000
537000,2375516160000,s3://ai2-llm/checkpoints/7b/v1_5-mix-mitch-ish/step537000
536000,2371092480000,s3://ai2-llm/checkpoints/7b/v1_5-mix-mitch-ish/step536000
535000,2366668800000,s3://ai2-llm/checkpoints/7b/v1_5-mix-mitch-ish/step535000
534000,2362245120000,s3://ai2-llm/checkpoints/7b/v1_5-mix-mitch-ish/step534000
533000,2357821440000,s3://ai2-llm/checkpoints/7b/v1_5-mix-mitch-ish/step533000
532000,2353397760000,s3://ai2-llm/checkpoints/7b/v1_5-mix-mitch-ish/step532000
531000,2348974080000,s3://ai2-llm/checkpoints/7b/v1_5-mix-mitch-ish/step531000
530000,2344550400000,s3://ai2-llm/checkpoints/7b/v1_5-mix-mitch-ish/step530000
529000,2340126720000,s3://ai2-llm/checkpoints/7b/v1_5-mix-mitch-ish/step529000
528000,2335703040000,s3://ai2-llm/checkpoints/7b/v1_5-mix-mitch-ish/step528000
527000,2331279360000,s3://ai2-llm/checkpoints/7b/v1_5-mix-mitch-ish/step527000
526000,2326855680000,s3://ai2-llm/checkpoints/7b/v1_5-mix-mitch-ish/step526000
525000,2322432000000,s3://ai2-llm/checkpoints/7b/v1_5-mix-mitch-ish/step525000
524000,2318008320000,s3://ai2-llm/checkpoints/7b/v1_5-mix-mitch-ish/step524000
523000,2313584640000,s3://ai2-llm/checkpoints/7b/v1_5-mix-mitch-ish/step523000
522000,2309160960000,s3://ai2-llm/checkpoints/7b/v1_5-mix-mitch-ish/step522000
521000,2304737280000,s3://ai2-llm/checkpoints/7b/v1_5-mix-mitch-ish/step521000
520000,2300313600000,s3://ai2-llm/checkpoints/7b/v1_5-mix-mitch-ish/step520000
519000,2295889920000,s3://ai2-llm/checkpoints/7b/v1_5-mix-mitch-ish/step519000
518000,2291466240000,s3://ai2-llm/checkpoints/7b/v1_5-mix-mitch-ish/step518000
517000,2287042560000,s3://ai2-llm/checkpoints/7b/v1_5-mix-mitch-ish/step517000
516000,2282618880000,s3://ai2-llm/checkpoints/7b/v1_5-mix-mitch-ish/step516000
515000,2278195200000,s3://ai2-llm/checkpoints/7b/v1_5-mix-mitch-ish/step515000
514000,2273771520000,s3://ai2-llm/checkpoints/7b/v1_5-mix-mitch-ish/step514000
513000,2269347840000,s3://ai2-llm/checkpoints/7b/v1_5-mix-mitch-ish/step513000
512000,2264924160000,s3://ai2-llm/checkpoints/7b/v1_5-mix-mitch-ish/step512000
511000,2260500480000,s3://ai2-llm/checkpoints/7b/v1_5-mix-mitch-ish/step511000
510000,2256076800000,s3://ai2-llm/checkpoints/7b/v1_5-mix-mitch-ish/step510000
509000,2251653120000,s3://ai2-llm/checkpoints/7b/v1_5-mix-mitch-ish/step509000
508000,2247229440000,s3://ai2-llm/checkpoints/7b/v1_5-mix-mitch-ish/step508000
507000,2242805760000,s3://ai2-llm/checkpoints/7b/v1_5-mix-mitch-ish/step507000
506000,2238382080000,s3://ai2-llm/checkpoints/7b/v1_5-mix-mitch-ish/step506000
505000,2233958400000,s3://ai2-llm/checkpoints/7b/v1_5-mix-mitch-ish/step505000
504000,2229534720000,s3://ai2-llm/checkpoints/7b/v1_5-mix-mitch-ish/step504000
503000,2225111040000,s3://ai2-llm/checkpoints/7b/v1_5-mix-mitch-ish/step503000
502000,2220687360000,s3://ai2-llm/checkpoints/7b/v1_5-mix-mitch-ish/step502000
501000,2216263680000,s3://ai2-llm/checkpoints/7b/v1_5-mix-mitch-ish/step501000
500000,2211840000000,s3://ai2-llm/checkpoints/7b/v1_5-mix-mitch-ish/step500000
499000,2207416320000,s3://ai2-llm/checkpoints/7b/v1_5-mix-mitch-ish/step499000
498000,2202992640000,s3://ai2-llm/checkpoints/7b/v1_5-mix-mitch-ish/step498000
497000,2198568960000,s3://ai2-llm/checkpoints/7b/v1_5-mix-mitch-ish/step497000
496000,2194145280000,s3://ai2-llm/checkpoints/7b/v1_5-mix-mitch-ish/step496000
495000,2189721600000,s3://ai2-llm/checkpoints/7b/v1_5-mix-mitch-ish/step495000
494000,2185297920000,s3://ai2-llm/checkpoints/7b/v1_5-mix-mitch-ish/step494000
493000,2180874240000,s3://ai2-llm/checkpoints/7b/v1_5-mix-mitch-ish/step493000
492000,2176450560000,s3://ai2-llm/checkpoints/7b/v1_5-mix-mitch-ish/step492000
491000,2172026880000,s3://ai2-llm/checkpoints/7b/v1_5-mix-mitch-ish/step491000
490000,2167603200000,s3://ai2-llm/checkpoints/7b/v1_5-mix-mitch-ish/step490000
489000,2163179520000,s3://ai2-llm/checkpoints/7b/v1_5-mix-mitch-ish/step489000
488000,2158755840000,s3://ai2-llm/checkpoints/7b/v1_5-mix-mitch-ish/step488000
487000,2154332160000,s3://ai2-llm/checkpoints/7b/v1_5-mix-mitch-ish/step487000
486000,2149908480000,s3://ai2-llm/checkpoints/7b/v1_5-mix-mitch-ish/step486000
485000,2145484800000,s3://ai2-llm/checkpoints/7b/v1_5-mix-mitch-ish/step485000
484000,2141061120000,s3://ai2-llm/checkpoints/7b/v1_5-mix-mitch-ish/step484000
483000,2136637440000,s3://ai2-llm/checkpoints/7b/v1_5-mix-mitch-ish/step483000
482000,2132213760000,s3://ai2-llm/checkpoints/7b/v1_5-mix-mitch-ish/step482000
481000,2127790080000,s3://ai2-llm/checkpoints/7b/v1_5-mix-mitch-ish/step481000
480000,2123366400000,s3://ai2-llm/checkpoints/7b/v1_5-mix-mitch-ish/step480000
479000,2118942720000,s3://ai2-llm/checkpoints/7b/v1_5-mix-mitch-ish/step479000
478000,2114519040000,s3://ai2-llm/checkpoints/7b/v1_5-mix-mitch-ish/step478000
477000,2110095360000,s3://ai2-llm/checkpoints/7b/v1_5-mix-mitch-ish/step477000
476000,2105671680000,s3://ai2-llm/checkpoints/7b/v1_5-mix-mitch-ish/step476000
475000,2101248000000,s3://ai2-llm/checkpoints/7b/v1_5-mix-mitch-ish/step475000
474000,2096824320000,s3://ai2-llm/checkpoints/7b/v1_5-mix-mitch-ish/step474000
473000,2092400640000,s3://ai2-llm/checkpoints/7b/v1_5-mix-mitch-ish/step473000
472000,2087976960000,s3://ai2-llm/checkpoints/7b/v1_5-mix-mitch-ish/step472000
471000,2083553280000,s3://ai2-llm/checkpoints/7b/v1_5-mix-mitch-ish/step471000
470000,2079129600000,s3://ai2-llm/checkpoints/7b/v1_5-mix-mitch-ish/step470000
469000,2074705920000,s3://ai2-llm/checkpoints/7b/v1_5-mix-mitch-ish/step469000
468000,2070282240000,s3://ai2-llm/checkpoints/7b/v1_5-mix-mitch-ish/step468000
467000,2065858560000,s3://ai2-llm/checkpoints/7b/v1_5-mix-mitch-ish/step467000
466000,2061434880000,s3://ai2-llm/checkpoints/7b/v1_5-mix-mitch-ish/step466000
465000,2057011200000,s3://ai2-llm/checkpoints/7b/v1_5-mix-mitch-ish/step465000
464000,2052587520000,s3://ai2-llm/checkpoints/7b/v1_5-mix-mitch-ish/step464000
463000,2048163840000,s3://ai2-llm/checkpoints/7b/v1_5-mix-mitch-ish/step463000
462000,2043740160000,s3://ai2-llm/checkpoints/7b/v1_5-mix-mitch-ish/step462000
461000,2039316480000,s3://ai2-llm/checkpoints/7b/v1_5-mix-mitch-ish/step461000
460000,2034892800000,s3://ai2-llm/checkpoints/7b/v1_5-mix-mitch-ish/step460000
459000,2030469120000,s3://ai2-llm/checkpoints/7b/v1_5-mix-mitch-ish/step459000
458000,2026045440000,s3://ai2-llm/checkpoints/7b/v1_5-mix-mitch-ish/step458000
457000,2021621760000,s3://ai2-llm/checkpoints/7b/v1_5-mix-mitch-ish/step457000
456000,2017198080000,s3://ai2-llm/checkpoints/7b/v1_5-mix-mitch-ish/step456000
455000,2012774400000,s3://ai2-llm/checkpoints/7b/v1_5-mix-mitch-ish/step455000
454000,2008350720000,s3://ai2-llm/checkpoints/7b/v1_5-mix-mitch-ish/step454000
453000,2003927040000,s3://ai2-llm/checkpoints/7b/v1_5-mix-mitch-ish/step453000
452000,1999503360000,s3://ai2-llm/checkpoints/7b/v1_5-mix-mitch-ish/step452000
451000,1995079680000,s3://ai2-llm/checkpoints/7b/v1_5-mix-mitch-ish/step451000
450000,1990656000000,s3://ai2-llm/checkpoints/7b/v1_5-mix-mitch-ish/step450000
449000,1986232320000,s3://ai2-llm/checkpoints/7b/v1_5-mix-mitch-ish/step449000
448000,1981808640000,s3://ai2-llm/checkpoints/7b/v1_5-mix-mitch-ish/step448000
447000,1977384960000,s3://ai2-llm/checkpoints/7b/v1_5-mix-mitch-ish/step447000
446000,1972961280000,s3://ai2-llm/checkpoints/7b/v1_5-mix-mitch-ish/step446000
445000,1968537600000,s3://ai2-llm/checkpoints/7b/v1_5-mix-mitch-ish/step445000
444000,1964113920000,s3://ai2-llm/checkpoints/7b/v1_5-mix-mitch-ish/step444000
443000,1959690240000,s3://ai2-llm/checkpoints/7b/v1_5-mix-mitch-ish/step443000
442000,1955266560000,s3://ai2-llm/checkpoints/7b/v1_5-mix-mitch-ish/step442000
441000,1950842880000,s3://ai2-llm/checkpoints/7b/v1_5-mix-mitch-ish/step441000
440000,1946419200000,s3://ai2-llm/checkpoints/7b/v1_5-mix-mitch-ish/step440000
439000,1941995520000,s3://ai2-llm/checkpoints/7b/v1_5-mix-mitch-ish/step439000
438000,1937571840000,s3://ai2-llm/checkpoints/7b/v1_5-mix-mitch-ish/step438000
437000,1933148160000,s3://ai2-llm/checkpoints/7b/v1_5-mix-mitch-ish/step437000
436000,1928724480000,s3://ai2-llm/checkpoints/7b/v1_5-mix-mitch-ish/step436000
435000,1924300800000,s3://ai2-llm/checkpoints/7b/v1_5-mix-mitch-ish/step435000
434000,1919877120000,s3://ai2-llm/checkpoints/7b/v1_5-mix-mitch-ish/step434000
433000,1915453440000,s3://ai2-llm/checkpoints/7b/v1_5-mix-mitch-ish/step433000
432000,1911029760000,s3://ai2-llm/checkpoints/7b/v1_5-mix-mitch-ish/step432000
431000,1906606080000,s3://ai2-llm/checkpoints/7b/v1_5-mix-mitch-ish/step431000
430000,1902182400000,s3://ai2-llm/checkpoints/7b/v1_5-mix-mitch-ish/step430000
429000,1897758720000,s3://ai2-llm/checkpoints/7b/v1_5-mix-mitch-ish/step429000
428000,1893335040000,s3://ai2-llm/checkpoints/7b/v1_5-mix-mitch-ish/step428000
427000,1888911360000,s3://ai2-llm/checkpoints/7b/v1_5-mix-mitch-ish/step427000
426000,1884487680000,s3://ai2-llm/checkpoints/7b/v1_5-mix-mitch-ish/step426000
425000,1880064000000,s3://ai2-llm/checkpoints/7b/v1_5-mix-mitch-ish/step425000
424000,1875640320000,s3://ai2-llm/checkpoints/7b/v1_5-mix-mitch-ish/step424000
423000,1871216640000,s3://ai2-llm/checkpoints/7b/v1_5-mix-mitch-ish/step423000
422000,1866792960000,s3://ai2-llm/checkpoints/7b/v1_5-mix-mitch-ish/step422000
421000,1862369280000,s3://ai2-llm/checkpoints/7b/v1_5-mix-mitch-ish/step421000
420000,1857945600000,s3://ai2-llm/checkpoints/7b/v1_5-mix-mitch-ish/step420000
419000,1853521920000,s3://ai2-llm/checkpoints/7b/v1_5-mix-mitch-ish/step419000
418000,1849098240000,s3://ai2-llm/checkpoints/7b/v1_5-mix-mitch-ish/step418000
417000,1844674560000,s3://ai2-llm/checkpoints/7b/v1_5-mix-mitch-ish/step417000
416000,1840250880000,s3://ai2-llm/checkpoints/7b/v1_5-mix-mitch-ish/step416000
415000,1835827200000,s3://ai2-llm/checkpoints/7b/v1_5-mix-mitch-ish/step415000
414000,1831403520000,s3://ai2-llm/checkpoints/7b/v1_5-mix-mitch-ish/step414000
413000,1826979840000,s3://ai2-llm/checkpoints/7b/v1_5-mix-mitch-ish/step413000
412000,1822556160000,s3://ai2-llm/checkpoints/7b/v1_5-mix-mitch-ish/step412000
411000,1818132480000,s3://ai2-llm/checkpoints/7b/v1_5-mix-mitch-ish/step411000
410000,1813708800000,s3://ai2-llm/checkpoints/7b/v1_5-mix-mitch-ish/step410000
409000,1809285120000,s3://ai2-llm/checkpoints/7b/v1_5-mix-mitch-ish/step409000
408000,1804861440000,s3://ai2-llm/checkpoints/7b/v1_5-mix-mitch-ish/step408000
407000,1800437760000,s3://ai2-llm/checkpoints/7b/v1_5-mix-mitch-ish/step407000
406000,1796014080000,s3://ai2-llm/checkpoints/7b/v1_5-mix-mitch-ish/step406000
405000,1791590400000,s3://ai2-llm/checkpoints/7b/v1_5-mix-mitch-ish/step405000
404000,1787166720000,s3://ai2-llm/checkpoints/7b/v1_5-mix-mitch-ish/step404000
403000,1782743040000,s3://ai2-llm/checkpoints/7b/v1_5-mix-mitch-ish/step403000
402000,1778319360000,s3://ai2-llm/checkpoints/7b/v1_5-mix-mitch-ish/step402000
401000,1773895680000,s3://ai2-llm/checkpoints/7b/v1_5-mix-mitch-ish/step401000
400000,1769472000000,s3://ai2-llm/checkpoints/7b/v1_5-mix-mitch-ish/step400000
399000,1765048320000,s3://ai2-llm/checkpoints/7b/v1_5-mix-mitch-ish/step399000
398000,1760624640000,s3://ai2-llm/checkpoints/7b/v1_5-mix-mitch-ish/step398000
397000,1756200960000,s3://ai2-llm/checkpoints/7b/v1_5-mix-mitch-ish/step397000
396000,1751777280000,s3://ai2-llm/checkpoints/7b/v1_5-mix-mitch-ish/step396000
395000,1747353600000,s3://ai2-llm/checkpoints/7b/v1_5-mix-mitch-ish/step395000
394000,1742929920000,s3://ai2-llm/checkpoints/7b/v1_5-mix-mitch-ish/step394000
393000,1738506240000,s3://ai2-llm/checkpoints/7b/v1_5-mix-mitch-ish/step393000
392000,1734082560000,s3://ai2-llm/checkpoints/7b/v1_5-mix-mitch-ish/step392000
391000,1729658880000,s3://ai2-llm/checkpoints/7b/v1_5-mix-mitch-ish/step391000
390000,1725235200000,s3://ai2-llm/checkpoints/7b/v1_5-mix-mitch-ish/step390000
389000,1720811520000,s3://ai2-llm/checkpoints/7b/v1_5-mix-mitch-ish/step389000
388000,1716387840000,s3://ai2-llm/checkpoints/7b/v1_5-mix-mitch-ish/step388000
387000,1711964160000,s3://ai2-llm/checkpoints/7b/v1_5-mix-mitch-ish/step387000
386000,1707540480000,s3://ai2-llm/checkpoints/7b/v1_5-mix-mitch-ish/step386000
385000,1703116800000,s3://ai2-llm/checkpoints/7b/v1_5-mix-mitch-ish/step385000
384000,1698693120000,s3://ai2-llm/checkpoints/7b/v1_5-mix-mitch-ish/step384000
383000,1694269440000,s3://ai2-llm/checkpoints/7b/v1_5-mix-mitch-ish/step383000
382000,1689845760000,s3://ai2-llm/checkpoints/7b/v1_5-mix-mitch-ish/step382000
381000,1685422080000,s3://ai2-llm/checkpoints/7b/v1_5-mix-mitch-ish/step381000
380000,1680998400000,s3://ai2-llm/checkpoints/7b/v1_5-mix-mitch-ish/step380000
379000,1676574720000,s3://ai2-llm/checkpoints/7b/v1_5-mix-mitch-ish/step379000
378000,1672151040000,s3://ai2-llm/checkpoints/7b/v1_5-mix-mitch-ish/step378000
377000,1667727360000,s3://ai2-llm/checkpoints/7b/v1_5-mix-mitch-ish/step377000
376000,1663303680000,s3://ai2-llm/checkpoints/7b/v1_5-mix-mitch-ish/step376000
375000,1658880000000,s3://ai2-llm/checkpoints/7b/v1_5-mix-mitch-ish/step375000
374000,1654456320000,s3://ai2-llm/checkpoints/7b/v1_5-mix-mitch-ish/step374000
373000,1650032640000,s3://ai2-llm/checkpoints/7b/v1_5-mix-mitch-ish/step373000
372000,1645608960000,s3://ai2-llm/checkpoints/7b/v1_5-mix-mitch-ish/step372000
371000,1641185280000,s3://ai2-llm/checkpoints/7b/v1_5-mix-mitch-ish/step371000
370000,1636761600000,s3://ai2-llm/checkpoints/7b/v1_5-mix-mitch-ish/step370000
369000,1632337920000,s3://ai2-llm/checkpoints/7b/v1_5-mix-mitch-ish/step369000
368000,1627914240000,s3://ai2-llm/checkpoints/7b/v1_5-mix-mitch-ish/step368000
367000,1623490560000,s3://ai2-llm/checkpoints/7b/v1_5-mix-mitch-ish/step367000
366000,1619066880000,s3://ai2-llm/checkpoints/7b/v1_5-mix-mitch-ish/step366000
365000,1614643200000,s3://ai2-llm/checkpoints/7b/v1_5-mix-mitch-ish/step365000
364000,1610219520000,s3://ai2-llm/checkpoints/7b/v1_5-mix-mitch-ish/step364000
363000,1605795840000,s3://ai2-llm/checkpoints/7b/v1_5-mix-mitch-ish/step363000
362000,1601372160000,s3://ai2-llm/checkpoints/7b/v1_5-mix-mitch-ish/step362000
361000,1596948480000,s3://ai2-llm/checkpoints/7b/v1_5-mix-mitch-ish/step361000
360000,1592524800000,s3://ai2-llm/checkpoints/7b/v1_5-mix-mitch-ish/step360000
359000,1588101120000,s3://ai2-llm/checkpoints/7b/v1_5-mix-mitch-ish/step359000
358000,1583677440000,s3://ai2-llm/checkpoints/7b/v1_5-mix-mitch-ish/step358000
357000,1579253760000,s3://ai2-llm/checkpoints/7b/v1_5-mix-mitch-ish/step357000
356000,1574830080000,s3://ai2-llm/checkpoints/7b/v1_5-mix-mitch-ish/step356000
355000,1570406400000,s3://ai2-llm/checkpoints/7b/v1_5-mix-mitch-ish/step355000
354000,1565982720000,s3://ai2-llm/checkpoints/7b/v1_5-mix-mitch-ish/step354000
353000,1561559040000,s3://ai2-llm/checkpoints/7b/v1_5-mix-mitch-ish/step353000
352000,1557135360000,s3://ai2-llm/checkpoints/7b/v1_5-mix-mitch-ish/step352000
351000,1552711680000,s3://ai2-llm/checkpoints/7b/v1_5-mix-mitch-ish/step351000
350000,1548288000000,s3://ai2-llm/checkpoints/7b/v1_5-mix-mitch-ish/step350000
349000,1543864320000,s3://ai2-llm/checkpoints/7b/v1_5-mix-mitch-ish/step349000
348000,1539440640000,s3://ai2-llm/checkpoints/7b/v1_5-mix-mitch-ish/step348000
347000,1535016960000,s3://ai2-llm/checkpoints/7b/v1_5-mix-mitch-ish/step347000
346000,1530593280000,s3://ai2-llm/checkpoints/7b/v1_5-mix-mitch-ish/step346000
345000,1526169600000,s3://ai2-llm/checkpoints/7b/v1_5-mix-mitch-ish/step345000
344000,1521745920000,s3://ai2-llm/checkpoints/7b/v1_5-mix-mitch-ish/step344000
343000,1517322240000,s3://ai2-llm/checkpoints/7b/v1_5-mix-mitch-ish/step343000
342000,1512898560000,s3://ai2-llm/checkpoints/7b/v1_5-mix-mitch-ish/step342000
341000,1508474880000,s3://ai2-llm/checkpoints/7b/v1_5-mix-mitch-ish/step341000
340000,1504051200000,s3://ai2-llm/checkpoints/7b/v1_5-mix-mitch-ish/step340000
339000,1499627520000,s3://ai2-llm/checkpoints/7b/v1_5-mix-mitch-ish/step339000
338000,1495203840000,s3://ai2-llm/checkpoints/7b/v1_5-mix-mitch-ish/step338000
337000,1490780160000,s3://ai2-llm/checkpoints/7b/v1_5-mix-mitch-ish/step337000
336000,1486356480000,s3://ai2-llm/checkpoints/7b/v1_5-mix-mitch-ish/step336000
335000,1481932800000,s3://ai2-llm/checkpoints/7b/v1_5-mix-mitch-ish/step335000
334000,1477509120000,s3://ai2-llm/checkpoints/7b/v1_5-mix-mitch-ish/step334000
333000,1473085440000,s3://ai2-llm/checkpoints/7b/v1_5-mix-mitch-ish/step333000
332000,1468661760000,s3://ai2-llm/checkpoints/7b/v1_5-mix-mitch-ish/step332000
331000,1464238080000,s3://ai2-llm/checkpoints/7b/v1_5-mix-mitch-ish/step331000
330000,1459814400000,s3://ai2-llm/checkpoints/7b/v1_5-mix-mitch-ish/step330000
329000,1455390720000,s3://ai2-llm/checkpoints/7b/v1_5-mix-mitch-ish/step329000
328000,1450967040000,s3://ai2-llm/checkpoints/7b/v1_5-mix-mitch-ish/step328000
327000,1446543360000,s3://ai2-llm/checkpoints/7b/v1_5-mix-mitch-ish/step327000
326000,1442119680000,s3://ai2-llm/checkpoints/7b/v1_5-mix-mitch-ish/step326000
325000,1437696000000,s3://ai2-llm/checkpoints/7b/v1_5-mix-mitch-ish/step325000
324000,1433272320000,s3://ai2-llm/checkpoints/7b/v1_5-mix-mitch-ish/step324000
323000,1428848640000,s3://ai2-llm/checkpoints/7b/v1_5-mix-mitch-ish/step323000
322000,1424424960000,s3://ai2-llm/checkpoints/7b/v1_5-mix-mitch-ish/step322000
321000,1420001280000,s3://ai2-llm/checkpoints/7b/v1_5-mix-mitch-ish/step321000
320000,1415577600000,s3://ai2-llm/checkpoints/7b/v1_5-mix-mitch-ish/step320000
319000,1411153920000,s3://ai2-llm/checkpoints/7b/v1_5-mix-mitch-ish/step319000
318000,1406730240000,s3://ai2-llm/checkpoints/7b/v1_5-mix-mitch-ish/step318000
317000,1402306560000,s3://ai2-llm/checkpoints/7b/v1_5-mix-mitch-ish/step317000
316000,1397882880000,s3://ai2-llm/checkpoints/7b/v1_5-mix-mitch-ish/step316000
315000,1393459200000,s3://ai2-llm/checkpoints/7b/v1_5-mix-mitch-ish/step315000
314000,1389035520000,s3://ai2-llm/checkpoints/7b/v1_5-mix-mitch-ish/step314000
313000,1384611840000,s3://ai2-llm/checkpoints/7b/v1_5-mix-mitch-ish/step313000
312000,1380188160000,s3://ai2-llm/checkpoints/7b/v1_5-mix-mitch-ish/step312000
311000,1375764480000,s3://ai2-llm/checkpoints/7b/v1_5-mix-mitch-ish/step311000
310000,1371340800000,s3://ai2-llm/checkpoints/7b/v1_5-mix-mitch-ish/step310000
309000,1366917120000,s3://ai2-llm/checkpoints/7b/v1_5-mix-mitch-ish/step309000
308000,1362493440000,s3://ai2-llm/checkpoints/7b/v1_5-mix-mitch-ish/step308000
307000,1358069760000,s3://ai2-llm/checkpoints/7b/v1_5-mix-mitch-ish/step307000
306000,1353646080000,s3://ai2-llm/checkpoints/7b/v1_5-mix-mitch-ish/step306000
305000,1349222400000,s3://ai2-llm/checkpoints/7b/v1_5-mix-mitch-ish/step305000
304000,1344798720000,s3://ai2-llm/checkpoints/7b/v1_5-mix-mitch-ish/step304000
303000,1340375040000,s3://ai2-llm/checkpoints/7b/v1_5-mix-mitch-ish/step303000
302000,1335951360000,s3://ai2-llm/checkpoints/7b/v1_5-mix-mitch-ish/step302000
301000,1331527680000,s3://ai2-llm/checkpoints/7b/v1_5-mix-mitch-ish/step301000
300000,1327104000000,s3://ai2-llm/checkpoints/7b/v1_5-mix-mitch-ish/step300000
299000,1322680320000,s3://ai2-llm/checkpoints/7b/v1_5-mix-mitch-ish/step299000
298000,1318256640000,s3://ai2-llm/checkpoints/7b/v1_5-mix-mitch-ish/step298000
297000,1313832960000,s3://ai2-llm/checkpoints/7b/v1_5-mix-mitch-ish/step297000
296000,1309409280000,s3://ai2-llm/checkpoints/7b/v1_5-mix-mitch-ish/step296000
295000,1304985600000,s3://ai2-llm/checkpoints/7b/v1_5-mix-mitch-ish/step295000
294000,1300561920000,s3://ai2-llm/checkpoints/7b/v1_5-mix-mitch-ish/step294000
293000,1296138240000,s3://ai2-llm/checkpoints/7b/v1_5-mix-mitch-ish/step293000
292000,1291714560000,s3://ai2-llm/checkpoints/7b/v1_5-mix-mitch-ish/step292000
291000,1287290880000,s3://ai2-llm/checkpoints/7b/v1_5-mix-mitch-ish/step291000
290000,1282867200000,s3://ai2-llm/checkpoints/7b/v1_5-mix-mitch-ish/step290000
289000,1278443520000,s3://ai2-llm/checkpoints/7b/v1_5-mix-mitch-ish/step289000
288000,1274019840000,s3://ai2-llm/checkpoints/7b/v1_5-mix-mitch-ish/step288000
287000,1269596160000,s3://ai2-llm/checkpoints/7b/v1_5-mix-mitch-ish/step287000
286000,1265172480000,s3://ai2-llm/checkpoints/7b/v1_5-mix-mitch-ish/step286000
285000,1260748800000,s3://ai2-llm/checkpoints/7b/v1_5-mix-mitch-ish/step285000
284000,1256325120000,s3://ai2-llm/checkpoints/7b/v1_5-mix-mitch-ish/step284000
283000,1251901440000,s3://ai2-llm/checkpoints/7b/v1_5-mix-mitch-ish/step283000
282000,1247477760000,s3://ai2-llm/checkpoints/7b/v1_5-mix-mitch-ish/step282000
281000,1243054080000,s3://ai2-llm/checkpoints/7b/v1_5-mix-mitch-ish/step281000
280000,1238630400000,s3://ai2-llm/checkpoints/7b/v1_5-mix-mitch-ish/step280000
279000,1234206720000,s3://ai2-llm/checkpoints/7b/v1_5-mix-mitch-ish/step279000
278000,1229783040000,s3://ai2-llm/checkpoints/7b/v1_5-mix-mitch-ish/step278000
277000,1225359360000,s3://ai2-llm/checkpoints/7b/v1_5-mix-mitch-ish/step277000
276000,1220935680000,s3://ai2-llm/checkpoints/7b/v1_5-mix-mitch-ish/step276000
275000,1216512000000,s3://ai2-llm/checkpoints/7b/v1_5-mix-mitch-ish/step275000
274000,1212088320000,s3://ai2-llm/checkpoints/7b/v1_5-mix-mitch-ish/step274000
273000,1207664640000,s3://ai2-llm/checkpoints/7b/v1_5-mix-mitch-ish/step273000
272000,1203240960000,s3://ai2-llm/checkpoints/7b/v1_5-mix-mitch-ish/step272000
271000,1198817280000,s3://ai2-llm/checkpoints/7b/v1_5-mix-mitch-ish/step271000
270000,1194393600000,s3://ai2-llm/checkpoints/7b/v1_5-mix-mitch-ish/step270000
269000,1189969920000,s3://ai2-llm/checkpoints/7b/v1_5-mix-mitch-ish/step269000
268000,1185546240000,s3://ai2-llm/checkpoints/7b/v1_5-mix-mitch-ish/step268000
267000,1181122560000,s3://ai2-llm/checkpoints/7b/v1_5-mix-mitch-ish/step267000
266000,1176698880000,s3://ai2-llm/checkpoints/7b/v1_5-mix-mitch-ish/step266000
265000,1172275200000,s3://ai2-llm/checkpoints/7b/v1_5-mix-mitch-ish/step265000
264000,1167851520000,s3://ai2-llm/checkpoints/7b/v1_5-mix-mitch-ish/step264000
263000,1163427840000,s3://ai2-llm/checkpoints/7b/v1_5-mix-mitch-ish/step263000
262000,1159004160000,s3://ai2-llm/checkpoints/7b/v1_5-mix-mitch-ish/step262000
261000,1154580480000,s3://ai2-llm/checkpoints/7b/v1_5-mix-mitch-ish/step261000
260000,1150156800000,s3://ai2-llm/checkpoints/7b/v1_5-mix-mitch-ish/step260000
259000,1145733120000,s3://ai2-llm/checkpoints/7b/v1_5-mix-mitch-ish/step259000
258000,1141309440000,s3://ai2-llm/checkpoints/7b/v1_5-mix-mitch-ish/step258000
257000,1136885760000,s3://ai2-llm/checkpoints/7b/v1_5-mix-mitch-ish/step257000
256000,1132462080000,s3://ai2-llm/checkpoints/7b/v1_5-mix-mitch-ish/step256000
255000,1128038400000,s3://ai2-llm/checkpoints/7b/v1_5-mix-mitch-ish/step255000
254000,1123614720000,s3://ai2-llm/checkpoints/7b/v1_5-mix-mitch-ish/step254000
253000,1119191040000,s3://ai2-llm/checkpoints/7b/v1_5-mix-mitch-ish/step253000
252000,1114767360000,s3://ai2-llm/checkpoints/7b/v1_5-mix-mitch-ish/step252000
251000,1110343680000,s3://ai2-llm/checkpoints/7b/v1_5-mix-mitch-ish/step251000
250000,1105920000000,s3://ai2-llm/checkpoints/7b/v1_5-mix-mitch-ish/step250000
249000,1101496320000,s3://ai2-llm/checkpoints/7b/v1_5-mix-mitch-ish/step249000
248000,1097072640000,s3://ai2-llm/checkpoints/7b/v1_5-mix-mitch-ish/step248000
247000,1092648960000,s3://ai2-llm/checkpoints/7b/v1_5-mix-mitch-ish/step247000
246000,1088225280000,s3://ai2-llm/checkpoints/7b/v1_5-mix-mitch-ish/step246000
245000,1083801600000,s3://ai2-llm/checkpoints/7b/v1_5-mix-mitch-ish/step245000
244000,1079377920000,s3://ai2-llm/checkpoints/7b/v1_5-mix-mitch-ish/step244000
243000,1074954240000,s3://ai2-llm/checkpoints/7b/v1_5-mix-mitch-ish/step243000
242000,1070530560000,s3://ai2-llm/checkpoints/7b/v1_5-mix-mitch-ish/step242000
241000,1066106880000,s3://ai2-llm/checkpoints/7b/v1_5-mix-mitch-ish/step241000
240000,1061683200000,s3://ai2-llm/checkpoints/7b/v1_5-mix-mitch-ish/step240000
239000,1057259520000,s3://ai2-llm/checkpoints/7b/v1_5-mix-mitch-ish/step239000
238000,1052835840000,s3://ai2-llm/checkpoints/7b/v1_5-mix-mitch-ish/step238000
237000,1048412160000,s3://ai2-llm/checkpoints/7b/v1_5-mix-mitch-ish/step237000
236000,1043988480000,s3://ai2-llm/checkpoints/7b/v1_5-mix-mitch-ish/step236000
235000,1039564800000,s3://ai2-llm/checkpoints/7b/v1_5-mix-mitch-ish/step235000
234000,1035141120000,s3://ai2-llm/checkpoints/7b/v1_5-mix-mitch-ish/step234000
233000,1030717440000,s3://ai2-llm/checkpoints/7b/v1_5-mix-mitch-ish/step233000
232000,1026293760000,s3://ai2-llm/checkpoints/7b/v1_5-mix-mitch-ish/step232000
231000,1021870080000,s3://ai2-llm/checkpoints/7b/v1_5-mix-mitch-ish/step231000
230000,1017446400000,s3://ai2-llm/checkpoints/7b/v1_5-mix-mitch-ish/step230000
229000,1013022720000,s3://ai2-llm/checkpoints/7b/v1_5-mix-mitch-ish/step229000
228000,1008599040000,s3://ai2-llm/checkpoints/7b/v1_5-mix-mitch-ish/step228000
227000,1004175360000,s3://ai2-llm/checkpoints/7b/v1_5-mix-mitch-ish/step227000
226000,999751680000,s3://ai2-llm/checkpoints/7b/v1_5-mix-mitch-ish/step226000
225000,995328000000,s3://ai2-llm/checkpoints/7b/v1_5-mix-mitch-ish/step225000
224000,990904320000,s3://ai2-llm/checkpoints/7b/v1_5-mix-mitch-ish/step224000
223000,986480640000,s3://ai2-llm/checkpoints/7b/v1_5-mix-mitch-ish/step223000
222000,982056960000,s3://ai2-llm/checkpoints/7b/v1_5-mix-mitch-ish/step222000
221000,977633280000,s3://ai2-llm/checkpoints/7b/v1_5-mix-mitch-ish/step221000
220000,973209600000,s3://ai2-llm/checkpoints/7b/v1_5-mix-mitch-ish/step220000
219000,968785920000,s3://ai2-llm/checkpoints/7b/v1_5-mix-mitch-ish/step219000
218000,964362240000,s3://ai2-llm/checkpoints/7b/v1_5-mix-mitch-ish/step218000
217000,959938560000,s3://ai2-llm/checkpoints/7b/v1_5-mix-mitch-ish/step217000
216000,955514880000,s3://ai2-llm/checkpoints/7b/v1_5-mix-mitch-ish/step216000
215000,951091200000,s3://ai2-llm/checkpoints/7b/v1_5-mix-mitch-ish/step215000
214000,946667520000,s3://ai2-llm/checkpoints/7b/v1_5-mix-mitch-ish/step214000
213000,942243840000,s3://ai2-llm/checkpoints/7b/v1_5-mix-mitch-ish/step213000
212000,937820160000,s3://ai2-llm/checkpoints/7b/v1_5-mix-mitch-ish/step212000
211000,933396480000,s3://ai2-llm/checkpoints/7b/v1_5-mix-mitch-ish/step211000
210000,928972800000,s3://ai2-llm/checkpoints/7b/v1_5-mix-mitch-ish/step210000
209000,924549120000,s3://ai2-llm/checkpoints/7b/v1_5-mix-mitch-ish/step209000
208000,920125440000,s3://ai2-llm/checkpoints/7b/v1_5-mix-mitch-ish/step208000
207000,915701760000,s3://ai2-llm/checkpoints/7b/v1_5-mix-mitch-ish/step207000
206000,911278080000,s3://ai2-llm/checkpoints/7b/v1_5-mix-mitch-ish/step206000
205000,906854400000,s3://ai2-llm/checkpoints/7b/v1_5-mix-mitch-ish/step205000
204000,902430720000,s3://ai2-llm/checkpoints/7b/v1_5-mix-mitch-ish/step204000
203000,898007040000,s3://ai2-llm/checkpoints/7b/v1_5-mix-mitch-ish/step203000
202000,893583360000,s3://ai2-llm/checkpoints/7b/v1_5-mix-mitch-ish/step202000
201000,889159680000,s3://ai2-llm/checkpoints/7b/v1_5-mix-mitch-ish/step201000
200000,884736000000,s3://ai2-llm/checkpoints/7b/v1_5-mix-mitch-ish/step200000
199000,880312320000,s3://ai2-llm/checkpoints/7b/v1_5-mix-mitch-ish/step199000
198000,875888640000,s3://ai2-llm/checkpoints/7b/v1_5-mix-mitch-ish/step198000
197000,871464960000,s3://ai2-llm/checkpoints/7b/v1_5-mix-mitch-ish/step197000
196000,867041280000,s3://ai2-llm/checkpoints/7b/v1_5-mix-mitch-ish/step196000
195000,862617600000,s3://ai2-llm/checkpoints/7b/v1_5-mix-mitch-ish/step195000
194000,858193920000,s3://ai2-llm/checkpoints/7b/v1_5-mix-mitch-ish/step194000
193000,853770240000,s3://ai2-llm/checkpoints/7b/v1_5-mix-mitch-ish/step193000
192000,849346560000,s3://ai2-llm/checkpoints/7b/v1_5-mix-mitch-ish/step192000
191000,844922880000,s3://ai2-llm/checkpoints/7b/v1_5-mix-mitch-ish/step191000
190000,840499200000,s3://ai2-llm/checkpoints/7b/v1_5-mix-mitch-ish/step190000
189000,836075520000,s3://ai2-llm/checkpoints/7b/v1_5-mix-mitch-ish/step189000
188000,831651840000,s3://ai2-llm/checkpoints/7b/v1_5-mix-mitch-ish/step188000
187000,827228160000,s3://ai2-llm/checkpoints/7b/v1_5-mix-mitch-ish/step187000
186000,822804480000,s3://ai2-llm/checkpoints/7b/v1_5-mix-mitch-ish/step186000
185000,818380800000,s3://ai2-llm/checkpoints/7b/v1_5-mix-mitch-ish/step185000
184000,813957120000,s3://ai2-llm/checkpoints/7b/v1_5-mix-mitch-ish/step184000
183000,809533440000,s3://ai2-llm/checkpoints/7b/v1_5-mix-mitch-ish/step183000
182000,805109760000,s3://ai2-llm/checkpoints/7b/v1_5-mix-mitch-ish/step182000
181000,800686080000,s3://ai2-llm/checkpoints/7b/v1_5-mix-mitch-ish/step181000
180000,796262400000,s3://ai2-llm/checkpoints/7b/v1_5-mix-mitch-ish/step180000
179000,791838720000,s3://ai2-llm/checkpoints/7b/v1_5-mix-mitch-ish/step179000
178000,787415040000,s3://ai2-llm/checkpoints/7b/v1_5-mix-mitch-ish/step178000
177000,782991360000,s3://ai2-llm/checkpoints/7b/v1_5-mix-mitch-ish/step177000
176000,778567680000,s3://ai2-llm/checkpoints/7b/v1_5-mix-mitch-ish/step176000
175000,774144000000,s3://ai2-llm/checkpoints/7b/v1_5-mix-mitch-ish/step175000
174000,769720320000,s3://ai2-llm/checkpoints/7b/v1_5-mix-mitch-ish/step174000
173000,765296640000,s3://ai2-llm/checkpoints/7b/v1_5-mix-mitch-ish/step173000
172000,760872960000,s3://ai2-llm/checkpoints/7b/v1_5-mix-mitch-ish/step172000
171000,756449280000,s3://ai2-llm/checkpoints/7b/v1_5-mix-mitch-ish/step171000
170000,752025600000,s3://ai2-llm/checkpoints/7b/v1_5-mix-mitch-ish/step170000
169000,747601920000,s3://ai2-llm/checkpoints/7b/v1_5-mix-mitch-ish/step169000
168000,743178240000,s3://ai2-llm/checkpoints/7b/v1_5-mix-mitch-ish/step168000
167000,738754560000,s3://ai2-llm/checkpoints/7b/v1_5-mix-mitch-ish/step167000
166000,734330880000,s3://ai2-llm/checkpoints/7b/v1_5-mix-mitch-ish/step166000
165000,729907200000,s3://ai2-llm/checkpoints/7b/v1_5-mix-mitch-ish/step165000
164000,725483520000,s3://ai2-llm/checkpoints/7b/v1_5-mix-mitch-ish/step164000
163000,721059840000,s3://ai2-llm/checkpoints/7b/v1_5-mix-mitch-ish/step163000
162000,716636160000,s3://ai2-llm/checkpoints/7b/v1_5-mix-mitch-ish/step162000
161000,712212480000,s3://ai2-llm/checkpoints/7b/v1_5-mix-mitch-ish/step161000
160000,707788800000,s3://ai2-llm/checkpoints/7b/v1_5-mix-mitch-ish/step160000
159000,703365120000,s3://ai2-llm/checkpoints/7b/v1_5-mix-mitch-ish/step159000
158000,698941440000,s3://ai2-llm/checkpoints/7b/v1_5-mix-mitch-ish/step158000
157000,694517760000,s3://ai2-llm/checkpoints/7b/v1_5-mix-mitch-ish/step157000
156000,690094080000,s3://ai2-llm/checkpoints/7b/v1_5-mix-mitch-ish/step156000
155000,685670400000,s3://ai2-llm/checkpoints/7b/v1_5-mix-mitch-ish/step155000
154000,681246720000,s3://ai2-llm/checkpoints/7b/v1_5-mix-mitch-ish/step154000
153000,676823040000,s3://ai2-llm/checkpoints/7b/v1_5-mix-mitch-ish/step153000
152000,672399360000,s3://ai2-llm/checkpoints/7b/v1_5-mix-mitch-ish/step152000
151000,667975680000,s3://ai2-llm/checkpoints/7b/v1_5-mix-mitch-ish/step151000
150000,663552000000,s3://ai2-llm/checkpoints/7b/v1_5-mix-mitch-ish/step150000
149000,659128320000,s3://ai2-llm/checkpoints/7b/v1_5-mix-mitch-ish/step149000
148000,654704640000,s3://ai2-llm/checkpoints/7b/v1_5-mix-mitch-ish/step148000
147000,650280960000,s3://ai2-llm/checkpoints/7b/v1_5-mix-mitch-ish/step147000
146000,645857280000,s3://ai2-llm/checkpoints/7b/v1_5-mix-mitch-ish/step146000
145000,641433600000,s3://ai2-llm/checkpoints/7b/v1_5-mix-mitch-ish/step145000
144000,637009920000,s3://ai2-llm/checkpoints/7b/v1_5-mix-mitch-ish/step144000
143000,632586240000,s3://ai2-llm/checkpoints/7b/v1_5-mix-mitch-ish/step143000
142000,628162560000,s3://ai2-llm/checkpoints/7b/v1_5-mix-mitch-ish/step142000
141000,623738880000,s3://ai2-llm/checkpoints/7b/v1_5-mix-mitch-ish/step141000
140000,619315200000,s3://ai2-llm/checkpoints/7b/v1_5-mix-mitch-ish/step140000
139000,614891520000,s3://ai2-llm/checkpoints/7b/v1_5-mix-mitch-ish/step139000
138000,610467840000,s3://ai2-llm/checkpoints/7b/v1_5-mix-mitch-ish/step138000
137000,606044160000,s3://ai2-llm/checkpoints/7b/v1_5-mix-mitch-ish/step137000
136000,601620480000,s3://ai2-llm/checkpoints/7b/v1_5-mix-mitch-ish/step136000
135000,597196800000,s3://ai2-llm/checkpoints/7b/v1_5-mix-mitch-ish/step135000
134000,592773120000,s3://ai2-llm/checkpoints/7b/v1_5-mix-mitch-ish/step134000
133000,588349440000,s3://ai2-llm/checkpoints/7b/v1_5-mix-mitch-ish/step133000
132000,583925760000,s3://ai2-llm/checkpoints/7b/v1_5-mix-mitch-ish/step132000
131000,579502080000,s3://ai2-llm/checkpoints/7b/v1_5-mix-mitch-ish/step131000
130000,575078400000,s3://ai2-llm/checkpoints/7b/v1_5-mix-mitch-ish/step130000
129000,570654720000,s3://ai2-llm/checkpoints/7b/v1_5-mix-mitch-ish/step129000
128000,566231040000,s3://ai2-llm/checkpoints/7b/v1_5-mix-mitch-ish/step128000
127000,561807360000,s3://ai2-llm/checkpoints/7b/v1_5-mix-mitch-ish/step127000
126000,557383680000,s3://ai2-llm/checkpoints/7b/v1_5-mix-mitch-ish/step126000
125000,552960000000,s3://ai2-llm/checkpoints/7b/v1_5-mix-mitch-ish/step125000
124000,548536320000,s3://ai2-llm/checkpoints/7b/v1_5-mix-mitch-ish/step124000
123000,544112640000,s3://ai2-llm/checkpoints/7b/v1_5-mix-mitch-ish/step123000
122000,539688960000,s3://ai2-llm/checkpoints/7b/v1_5-mix-mitch-ish/step122000
121000,535265280000,s3://ai2-llm/checkpoints/7b/v1_5-mix-mitch-ish/step121000
120000,530841600000,s3://ai2-llm/checkpoints/7b/v1_5-mix-mitch-ish/step120000
119000,526417920000,s3://ai2-llm/checkpoints/7b/v1_5-mix-mitch-ish/step119000
118000,521994240000,s3://ai2-llm/checkpoints/7b/v1_5-mix-mitch-ish/step118000
117000,517570560000,s3://ai2-llm/checkpoints/7b/v1_5-mix-mitch-ish/step117000
116000,513146880000,s3://ai2-llm/checkpoints/7b/v1_5-mix-mitch-ish/step116000
115000,508723200000,s3://ai2-llm/checkpoints/7b/v1_5-mix-mitch-ish/step115000
114000,504299520000,s3://ai2-llm/checkpoints/7b/v1_5-mix-mitch-ish/step114000
113000,499875840000,s3://ai2-llm/checkpoints/7b/v1_5-mix-mitch-ish/step113000
112000,495452160000,s3://ai2-llm/checkpoints/7b/v1_5-mix-mitch-ish/step112000
111000,491028480000,s3://ai2-llm/checkpoints/7b/v1_5-mix-mitch-ish/step111000
110000,486604800000,s3://ai2-llm/checkpoints/7b/v1_5-mix-mitch-ish/step110000
109000,482181120000,s3://ai2-llm/checkpoints/7b/v1_5-mix-mitch-ish/step109000
108000,477757440000,s3://ai2-llm/checkpoints/7b/v1_5-mix-mitch-ish/step108000
107000,473333760000,s3://ai2-llm/checkpoints/7b/v1_5-mix-mitch-ish/step107000
106000,468910080000,s3://ai2-llm/checkpoints/7b/v1_5-mix-mitch-ish/step106000
105000,464486400000,s3://ai2-llm/checkpoints/7b/v1_5-mix-mitch-ish/step105000
104000,460062720000,s3://ai2-llm/checkpoints/7b/v1_5-mix-mitch-ish/step104000
103000,455639040000,s3://ai2-llm/checkpoints/7b/v1_5-mix-mitch-ish/step103000
102000,451215360000,s3://ai2-llm/checkpoints/7b/v1_5-mix-mitch-ish/step102000
101000,446791680000,s3://ai2-llm/checkpoints/7b/v1_5-mix-mitch-ish/step101000
100000,442368000000,s3://ai2-llm/checkpoints/7b/v1_5-mix-mitch-ish/step100000
99000,437944320000,s3://ai2-llm/checkpoints/7b/v1_5-mix-mitch-ish/step99000
98000,433520640000,s3://ai2-llm/checkpoints/7b/v1_5-mix-mitch-ish/step98000
97000,429096960000,s3://ai2-llm/checkpoints/7b/v1_5-mix-mitch-ish/step97000
96000,424673280000,s3://ai2-llm/checkpoints/7b/v1_5-mix-mitch-ish/step96000
95000,420249600000,s3://ai2-llm/checkpoints/7b/v1_5-mix-mitch-ish/step95000
94000,415825920000,s3://ai2-llm/checkpoints/7b/v1_5-mix-mitch-ish/step94000
93000,411402240000,s3://ai2-llm/checkpoints/7b/v1_5-mix-mitch-ish/step93000
92000,406978560000,s3://ai2-llm/checkpoints/7b/v1_5-mix-mitch-ish/step92000
91000,402554880000,s3://ai2-llm/checkpoints/7b/v1_5-mix-mitch-ish/step91000
90000,398131200000,s3://ai2-llm/checkpoints/7b/v1_5-mix-mitch-ish/step90000
89000,393707520000,s3://ai2-llm/checkpoints/7b/v1_5-mix-mitch-ish/step89000
88000,389283840000,s3://ai2-llm/checkpoints/7b/v1_5-mix-mitch-ish/step88000
87000,384860160000,s3://ai2-llm/checkpoints/7b/v1_5-mix-mitch-ish/step87000
86000,380436480000,s3://ai2-llm/checkpoints/7b/v1_5-mix-mitch-ish/step86000
85000,376012800000,s3://ai2-llm/checkpoints/7b/v1_5-mix-mitch-ish/step85000
84000,371589120000,s3://ai2-llm/checkpoints/7b/v1_5-mix-mitch-ish/step84000
83000,367165440000,s3://ai2-llm/checkpoints/7b/v1_5-mix-mitch-ish/step83000
82000,362741760000,s3://ai2-llm/checkpoints/7b/v1_5-mix-mitch-ish/step82000
81000,358318080000,s3://ai2-llm/checkpoints/7b/v1_5-mix-mitch-ish/step81000
80000,353894400000,s3://ai2-llm/checkpoints/7b/v1_5-mix-mitch-ish/step80000
79000,349470720000,s3://ai2-llm/checkpoints/7b/v1_5-mix-mitch-ish/step79000
78000,345047040000,s3://ai2-llm/checkpoints/7b/v1_5-mix-mitch-ish/step78000
77000,340623360000,s3://ai2-llm/checkpoints/7b/v1_5-mix-mitch-ish/step77000
76000,336199680000,s3://ai2-llm/checkpoints/7b/v1_5-mix-mitch-ish/step76000
75000,331776000000,s3://ai2-llm/checkpoints/7b/v1_5-mix-mitch-ish/step75000
74000,327352320000,s3://ai2-llm/checkpoints/7b/v1_5-mix-mitch-ish/step74000
73000,322928640000,s3://ai2-llm/checkpoints/7b/v1_5-mix-mitch-ish/step73000
72000,318504960000,s3://ai2-llm/checkpoints/7b/v1_5-mix-mitch-ish/step72000
71000,314081280000,s3://ai2-llm/checkpoints/7b/v1_5-mix-mitch-ish/step71000
70000,309657600000,s3://ai2-llm/checkpoints/7b/v1_5-mix-mitch-ish/step70000
69000,305233920000,s3://ai2-llm/checkpoints/7b/v1_5-mix-mitch-ish/step69000
68000,300810240000,s3://ai2-llm/checkpoints/7b/v1_5-mix-mitch-ish/step68000
67000,296386560000,s3://ai2-llm/checkpoints/7b/v1_5-mix-mitch-ish/step67000
66000,291962880000,s3://ai2-llm/checkpoints/7b/v1_5-mix-mitch-ish/step66000
65000,287539200000,s3://ai2-llm/checkpoints/7b/v1_5-mix-mitch-ish/step65000
64000,283115520000,s3://ai2-llm/checkpoints/7b/v1_5-mix-mitch-ish/step64000
63000,278691840000,s3://ai2-llm/checkpoints/7b/v1_5-mix-mitch-ish/step63000
62000,274268160000,s3://ai2-llm/checkpoints/7b/v1_5-mix-mitch-ish/step62000
61000,269844480000,s3://ai2-llm/checkpoints/7b/v1_5-mix-mitch-ish/step61000
60000,265420800000,s3://ai2-llm/checkpoints/7b/v1_5-mix-mitch-ish/step60000
59000,260997120000,s3://ai2-llm/checkpoints/7b/v1_5-mix-mitch-ish/step59000
58000,256573440000,s3://ai2-llm/checkpoints/7b/v1_5-mix-mitch-ish/step58000
57000,252149760000,s3://ai2-llm/checkpoints/7b/v1_5-mix-mitch-ish/step57000
56000,247726080000,s3://ai2-llm/checkpoints/7b/v1_5-mix-mitch-ish/step56000
55000,243302400000,s3://ai2-llm/checkpoints/7b/v1_5-mix-mitch-ish/step55000
54000,238878720000,s3://ai2-llm/checkpoints/7b/v1_5-mix-mitch-ish/step54000
53000,234455040000,s3://ai2-llm/checkpoints/7b/v1_5-mix-mitch-ish/step53000
52000,230031360000,s3://ai2-llm/checkpoints/7b/v1_5-mix-mitch-ish/step52000
51000,225607680000,s3://ai2-llm/checkpoints/7b/v1_5-mix-mitch-ish/step51000
50000,221184000000,s3://ai2-llm/checkpoints/7b/v1_5-mix-mitch-ish/step50000
49000,216760320000,s3://ai2-llm/checkpoints/7b/v1_5-mix-mitch-ish/step49000
48000,212336640000,s3://ai2-llm/checkpoints/7b/v1_5-mix-mitch-ish/step48000
47000,207912960000,s3://ai2-llm/checkpoints/7b/v1_5-mix-mitch-ish/step47000
46000,203489280000,s3://ai2-llm/checkpoints/7b/v1_5-mix-mitch-ish/step46000
45000,199065600000,s3://ai2-llm/checkpoints/7b/v1_5-mix-mitch-ish/step45000
44000,194641920000,s3://ai2-llm/checkpoints/7b/v1_5-mix-mitch-ish/step44000
43000,190218240000,s3://ai2-llm/checkpoints/7b/v1_5-mix-mitch-ish/step43000
42000,185794560000,s3://ai2-llm/checkpoints/7b/v1_5-mix-mitch-ish/step42000
41000,181370880000,s3://ai2-llm/checkpoints/7b/v1_5-mix-mitch-ish/step41000
40000,176947200000,s3://ai2-llm/checkpoints/7b/v1_5-mix-mitch-ish/step40000
39000,172523520000,s3://ai2-llm/checkpoints/7b/v1_5-mix-mitch-ish/step39000
38000,168099840000,s3://ai2-llm/checkpoints/7b/v1_5-mix-mitch-ish/step38000
37000,163676160000,s3://ai2-llm/checkpoints/7b/v1_5-mix-mitch-ish/step37000
36000,159252480000,s3://ai2-llm/checkpoints/7b/v1_5-mix-mitch-ish/step36000
35000,154828800000,s3://ai2-llm/checkpoints/7b/v1_5-mix-mitch-ish/step35000
34000,150405120000,s3://ai2-llm/checkpoints/7b/v1_5-mix-mitch-ish/step34000
33000,145981440000,s3://ai2-llm/checkpoints/7b/v1_5-mix-mitch-ish/step33000
32000,141557760000,s3://ai2-llm/checkpoints/7b/v1_5-mix-mitch-ish/step32000
31000,137134080000,s3://ai2-llm/checkpoints/7b/v1_5-mix-mitch-ish/step31000
30000,132710400000,s3://ai2-llm/checkpoints/7b/v1_5-mix-mitch-ish/step30000
29000,128286720000,s3://ai2-llm/checkpoints/7b/v1_5-mix-mitch-ish/step29000
28000,123863040000,s3://ai2-llm/checkpoints/7b/v1_5-mix-mitch-ish/step28000
27000,119439360000,s3://ai2-llm/checkpoints/7b/v1_5-mix-mitch-ish/step27000
26000,115015680000,s3://ai2-llm/checkpoints/7b/v1_5-mix-mitch-ish/step26000
25000,110592000000,s3://ai2-llm/checkpoints/7b/v1_5-mix-mitch-ish/step25000
24000,106168320000,s3://ai2-llm/checkpoints/7b/v1_5-mix-mitch-ish/step24000
23000,101744640000,s3://ai2-llm/checkpoints/7b/v1_5-mix-mitch-ish/step23000
22000,97320960000,s3://ai2-llm/checkpoints/7b/v1_5-mix-mitch-ish/step22000
21000,92897280000,s3://ai2-llm/checkpoints/7b/v1_5-mix-mitch-ish/step21000
20000,88473600000,s3://ai2-llm/checkpoints/7b/v1_5-mix-mitch-ish/step20000
19000,84049920000,s3://ai2-llm/checkpoints/7b/v1_5-mix-mitch-ish/step19000
18000,79626240000,s3://ai2-llm/checkpoints/7b/v1_5-mix-mitch-ish/step18000
17000,75202560000,s3://ai2-llm/checkpoints/7b/v1_5-mix-mitch-ish/step17000
16000,70778880000,s3://ai2-llm/checkpoints/7b/v1_5-mix-mitch-ish/step16000
15000,66355200000,s3://ai2-llm/checkpoints/7b/v1_5-mix-mitch-ish/step15000
14000,61931520000,s3://ai2-llm/checkpoints/7b/v1_5-mix-mitch-ish/step14000
13000,57507840000,s3://ai2-llm/checkpoints/7b/v1_5-mix-mitch-ish/step13000
12000,53084160000,s3://ai2-llm/checkpoints/7b/v1_5-mix-mitch-ish/step12000
11000,48660480000,s3://ai2-llm/checkpoints/7b/v1_5-mix-mitch-ish/step11000
10000,44236800000,s3://ai2-llm/checkpoints/7b/v1_5-mix-mitch-ish/step10000
9000,39813120000,s3://ai2-llm/checkpoints/7b/v1_5-mix-mitch-ish/step9000
8000,35389440000,s3://ai2-llm/checkpoints/7b/v1_5-mix-mitch-ish/step8000
7000,30965760000,s3://ai2-llm/checkpoints/7b/v1_5-mix-mitch-ish/step7000
6000,26542080000,s3://ai2-llm/checkpoints/7b/v1_5-mix-mitch-ish/step6000
5000,22118400000,s3://ai2-llm/checkpoints/7b/v1_5-mix-mitch-ish/step5000
4000,17694720000,s3://ai2-llm/checkpoints/7b/v1_5-mix-mitch-ish/step4000
3000,13271040000,s3://ai2-llm/checkpoints/7b/v1_5-mix-mitch-ish/step3000
2000,8847360000,s3://ai2-llm/checkpoints/7b/v1_5-mix-mitch-ish/step2000
1000,4423680000,s3://ai2-llm/checkpoints/7b/v1_5-mix-mitch-ish/step1000
0,0,s3://ai2-llm/checkpoints/7b/v1_5-mix-mitch-ish/step0
