Step,Checkpoint Directory
0,https://olmo-checkpoints.org/ai2-llm/peteish13/step0/
1000,https://olmo-checkpoints.org/ai2-llm/peteish13/step1000/
1100,https://olmo-checkpoints.org/ai2-llm/peteish13/step1100/
2000,https://olmo-checkpoints.org/ai2-llm/peteish13/step2000/
3000,https://olmo-checkpoints.org/ai2-llm/peteish13/step3000/
4000,https://olmo-checkpoints.org/ai2-llm/peteish13/step4000/
5000,https://olmo-checkpoints.org/ai2-llm/peteish13/step5000/
6000,https://olmo-checkpoints.org/ai2-llm/peteish13/step6000/
7000,https://olmo-checkpoints.org/ai2-llm/peteish13/step7000/
8000,https://olmo-checkpoints.org/ai2-llm/peteish13/step8000/
9000,https://olmo-checkpoints.org/ai2-llm/peteish13/step9000/
10000,https://olmo-checkpoints.org/ai2-llm/peteish13/step10000/
11000,https://olmo-checkpoints.org/ai2-llm/peteish13/step11000/
12000,https://olmo-checkpoints.org/ai2-llm/peteish13/step12000/
13000,https://olmo-checkpoints.org/ai2-llm/peteish13/step13000/
14000,https://olmo-checkpoints.org/ai2-llm/peteish13/step14000/
15000,https://olmo-checkpoints.org/ai2-llm/peteish13/step15000/
16000,https://olmo-checkpoints.org/ai2-llm/peteish13/step16000/
17000,https://olmo-checkpoints.org/ai2-llm/peteish13/step17000/
18000,https://olmo-checkpoints.org/ai2-llm/peteish13/step18000/
19000,https://olmo-checkpoints.org/ai2-llm/peteish13/step19000/
19850,https://olmo-checkpoints.org/ai2-llm/peteish13/step19850/
20000,https://olmo-checkpoints.org/ai2-llm/peteish13/step20000/
21000,https://olmo-checkpoints.org/ai2-llm/peteish13/step21000/
22000,https://olmo-checkpoints.org/ai2-llm/peteish13/step22000/
23000,https://olmo-checkpoints.org/ai2-llm/peteish13/step23000/
24000,https://olmo-checkpoints.org/ai2-llm/peteish13/step24000/
25000,https://olmo-checkpoints.org/ai2-llm/peteish13/step25000/
26000,https://olmo-checkpoints.org/ai2-llm/peteish13/step26000/
27000,https://olmo-checkpoints.org/ai2-llm/peteish13/step27000/
28000,https://olmo-checkpoints.org/ai2-llm/peteish13/step28000/
29000,https://olmo-checkpoints.org/ai2-llm/peteish13/step29000/
30000,https://olmo-checkpoints.org/ai2-llm/peteish13/step30000/
31000,https://olmo-checkpoints.org/ai2-llm/peteish13/step31000/
32000,https://olmo-checkpoints.org/ai2-llm/peteish13/step32000/
33000,https://olmo-checkpoints.org/ai2-llm/peteish13/step33000/
34000,https://olmo-checkpoints.org/ai2-llm/peteish13/step34000/
35000,https://olmo-checkpoints.org/ai2-llm/peteish13/step35000/
36000,https://olmo-checkpoints.org/ai2-llm/peteish13/step36000/
37000,https://olmo-checkpoints.org/ai2-llm/peteish13/step37000/
38000,https://olmo-checkpoints.org/ai2-llm/peteish13/step38000/
39000,https://olmo-checkpoints.org/ai2-llm/peteish13/step39000/
40000,https://olmo-checkpoints.org/ai2-llm/peteish13/step40000/
41000,https://olmo-checkpoints.org/ai2-llm/peteish13/step41000/
42000,https://olmo-checkpoints.org/ai2-llm/peteish13/step42000/
43000,https://olmo-checkpoints.org/ai2-llm/peteish13/step43000/
44000,https://olmo-checkpoints.org/ai2-llm/peteish13/step44000/
45000,https://olmo-checkpoints.org/ai2-llm/peteish13/step45000/
46000,https://olmo-checkpoints.org/ai2-llm/peteish13/step46000/
47000,https://olmo-checkpoints.org/ai2-llm/peteish13/step47000/
48000,https://olmo-checkpoints.org/ai2-llm/peteish13/step48000/
49000,https://olmo-checkpoints.org/ai2-llm/peteish13/step49000/
50000,https://olmo-checkpoints.org/ai2-llm/peteish13/step50000/
51000,https://olmo-checkpoints.org/ai2-llm/peteish13/step51000/
52000,https://olmo-checkpoints.org/ai2-llm/peteish13/step52000/
53000,https://olmo-checkpoints.org/ai2-llm/peteish13/step53000/
54000,https://olmo-checkpoints.org/ai2-llm/peteish13/step54000/
55000,https://olmo-checkpoints.org/ai2-llm/peteish13/step55000/
56000,https://olmo-checkpoints.org/ai2-llm/peteish13/step56000/
57000,https://olmo-checkpoints.org/ai2-llm/peteish13/step57000/
58000,https://olmo-checkpoints.org/ai2-llm/peteish13/step58000/
59000,https://olmo-checkpoints.org/ai2-llm/peteish13/step59000/
60000,https://olmo-checkpoints.org/ai2-llm/peteish13/step60000/
61000,https://olmo-checkpoints.org/ai2-llm/peteish13/step61000/
62000,https://olmo-checkpoints.org/ai2-llm/peteish13/step62000/
63000,https://olmo-checkpoints.org/ai2-llm/peteish13/step63000/
64000,https://olmo-checkpoints.org/ai2-llm/peteish13/step64000/
65000,https://olmo-checkpoints.org/ai2-llm/peteish13/step65000/
66000,https://olmo-checkpoints.org/ai2-llm/peteish13/step66000/
67000,https://olmo-checkpoints.org/ai2-llm/peteish13/step67000/
68000,https://olmo-checkpoints.org/ai2-llm/peteish13/step68000/
69000,https://olmo-checkpoints.org/ai2-llm/peteish13/step69000/
70000,https://olmo-checkpoints.org/ai2-llm/peteish13/step70000/
71000,https://olmo-checkpoints.org/ai2-llm/peteish13/step71000/
72000,https://olmo-checkpoints.org/ai2-llm/peteish13/step72000/
73000,https://olmo-checkpoints.org/ai2-llm/peteish13/step73000/
74000,https://olmo-checkpoints.org/ai2-llm/peteish13/step74000/
75000,https://olmo-checkpoints.org/ai2-llm/peteish13/step75000/
76000,https://olmo-checkpoints.org/ai2-llm/peteish13/step76000/
77000,https://olmo-checkpoints.org/ai2-llm/peteish13/step77000/
78000,https://olmo-checkpoints.org/ai2-llm/peteish13/step78000/
79000,https://olmo-checkpoints.org/ai2-llm/peteish13/step79000/
80000,https://olmo-checkpoints.org/ai2-llm/peteish13/step80000/
81000,https://olmo-checkpoints.org/ai2-llm/peteish13/step81000/
82000,https://olmo-checkpoints.org/ai2-llm/peteish13/step82000/
83000,https://olmo-checkpoints.org/ai2-llm/peteish13/step83000/
84000,https://olmo-checkpoints.org/ai2-llm/peteish13/step84000/
85000,https://olmo-checkpoints.org/ai2-llm/peteish13/step85000/
86000,https://olmo-checkpoints.org/ai2-llm/peteish13/step86000/
87000,https://olmo-checkpoints.org/ai2-llm/peteish13/step87000/
88000,https://olmo-checkpoints.org/ai2-llm/peteish13/step88000/
89000,https://olmo-checkpoints.org/ai2-llm/peteish13/step89000/
90000,https://olmo-checkpoints.org/ai2-llm/peteish13/step90000/
91000,https://olmo-checkpoints.org/ai2-llm/peteish13/step91000/
92000,https://olmo-checkpoints.org/ai2-llm/peteish13/step92000/
93000,https://olmo-checkpoints.org/ai2-llm/peteish13/step93000/
93400,https://olmo-checkpoints.org/ai2-llm/peteish13/step93400/
94000,https://olmo-checkpoints.org/ai2-llm/peteish13/step94000/
95000,https://olmo-checkpoints.org/ai2-llm/peteish13/step95000/
96000,https://olmo-checkpoints.org/ai2-llm/peteish13/step96000/
97000,https://olmo-checkpoints.org/ai2-llm/peteish13/step97000/
98000,https://olmo-checkpoints.org/ai2-llm/peteish13/step98000/
99000,https://olmo-checkpoints.org/ai2-llm/peteish13/step99000/
100000,https://olmo-checkpoints.org/ai2-llm/peteish13/step100000/
100500,https://olmo-checkpoints.org/ai2-llm/peteish13/step100500/
101000,https://olmo-checkpoints.org/ai2-llm/peteish13/step101000/
101500,https://olmo-checkpoints.org/ai2-llm/peteish13/step101500/
102000,https://olmo-checkpoints.org/ai2-llm/peteish13/step102000/
102500,https://olmo-checkpoints.org/ai2-llm/peteish13/step102500/
103000,https://olmo-checkpoints.org/ai2-llm/peteish13/step103000/
103500,https://olmo-checkpoints.org/ai2-llm/peteish13/step103500/
104000,https://olmo-checkpoints.org/ai2-llm/peteish13/step104000/
104500,https://olmo-checkpoints.org/ai2-llm/peteish13/step104500/
105000,https://olmo-checkpoints.org/ai2-llm/peteish13/step105000/
105500,https://olmo-checkpoints.org/ai2-llm/peteish13/step105500/
105700,https://olmo-checkpoints.org/ai2-llm/peteish13/step105700/
106000,https://olmo-checkpoints.org/ai2-llm/peteish13/step106000/
106500,https://olmo-checkpoints.org/ai2-llm/peteish13/step106500/
107000,https://olmo-checkpoints.org/ai2-llm/peteish13/step107000/
107500,https://olmo-checkpoints.org/ai2-llm/peteish13/step107500/
108000,https://olmo-checkpoints.org/ai2-llm/peteish13/step108000/
108500,https://olmo-checkpoints.org/ai2-llm/peteish13/step108500/
109000,https://olmo-checkpoints.org/ai2-llm/peteish13/step109000/
109500,https://olmo-checkpoints.org/ai2-llm/peteish13/step109500/
110000,https://olmo-checkpoints.org/ai2-llm/peteish13/step110000/
110500,https://olmo-checkpoints.org/ai2-llm/peteish13/step110500/
111000,https://olmo-checkpoints.org/ai2-llm/peteish13/step111000/
111500,https://olmo-checkpoints.org/ai2-llm/peteish13/step111500/
112000,https://olmo-checkpoints.org/ai2-llm/peteish13/step112000/
112500,https://olmo-checkpoints.org/ai2-llm/peteish13/step112500/
113000,https://olmo-checkpoints.org/ai2-llm/peteish13/step113000/
113500,https://olmo-checkpoints.org/ai2-llm/peteish13/step113500/
113550,https://olmo-checkpoints.org/ai2-llm/peteish13/step113550/
114000,https://olmo-checkpoints.org/ai2-llm/peteish13/step114000/
114500,https://olmo-checkpoints.org/ai2-llm/peteish13/step114500/
115000,https://olmo-checkpoints.org/ai2-llm/peteish13/step115000/
115500,https://olmo-checkpoints.org/ai2-llm/peteish13/step115500/
116000,https://olmo-checkpoints.org/ai2-llm/peteish13/step116000/
116500,https://olmo-checkpoints.org/ai2-llm/peteish13/step116500/
117000,https://olmo-checkpoints.org/ai2-llm/peteish13/step117000/
117500,https://olmo-checkpoints.org/ai2-llm/peteish13/step117500/
118000,https://olmo-checkpoints.org/ai2-llm/peteish13/step118000/
118500,https://olmo-checkpoints.org/ai2-llm/peteish13/step118500/
119000,https://olmo-checkpoints.org/ai2-llm/peteish13/step119000/
119500,https://olmo-checkpoints.org/ai2-llm/peteish13/step119500/
120000,https://olmo-checkpoints.org/ai2-llm/peteish13/step120000/
120500,https://olmo-checkpoints.org/ai2-llm/peteish13/step120500/
121000,https://olmo-checkpoints.org/ai2-llm/peteish13/step121000/
121500,https://olmo-checkpoints.org/ai2-llm/peteish13/step121500/
122000,https://olmo-checkpoints.org/ai2-llm/peteish13/step122000/
122500,https://olmo-checkpoints.org/ai2-llm/peteish13/step122500/
123000,https://olmo-checkpoints.org/ai2-llm/peteish13/step123000/
123500,https://olmo-checkpoints.org/ai2-llm/peteish13/step123500/
124000,https://olmo-checkpoints.org/ai2-llm/peteish13/step124000/
124500,https://olmo-checkpoints.org/ai2-llm/peteish13/step124500/
125000,https://olmo-checkpoints.org/ai2-llm/peteish13/step125000/
125500,https://olmo-checkpoints.org/ai2-llm/peteish13/step125500/
126000,https://olmo-checkpoints.org/ai2-llm/peteish13/step126000/
126500,https://olmo-checkpoints.org/ai2-llm/peteish13/step126500/
127000,https://olmo-checkpoints.org/ai2-llm/peteish13/step127000/
127500,https://olmo-checkpoints.org/ai2-llm/peteish13/step127500/
128000,https://olmo-checkpoints.org/ai2-llm/peteish13/step128000/
128500,https://olmo-checkpoints.org/ai2-llm/peteish13/step128500/
129000,https://olmo-checkpoints.org/ai2-llm/peteish13/step129000/
129500,https://olmo-checkpoints.org/ai2-llm/peteish13/step129500/
130000,https://olmo-checkpoints.org/ai2-llm/peteish13/step130000/
130500,https://olmo-checkpoints.org/ai2-llm/peteish13/step130500/
131000,https://olmo-checkpoints.org/ai2-llm/peteish13/step131000/
131500,https://olmo-checkpoints.org/ai2-llm/peteish13/step131500/
132000,https://olmo-checkpoints.org/ai2-llm/peteish13/step132000/
132500,https://olmo-checkpoints.org/ai2-llm/peteish13/step132500/
133000,https://olmo-checkpoints.org/ai2-llm/peteish13/step133000/
133500,https://olmo-checkpoints.org/ai2-llm/peteish13/step133500/
134000,https://olmo-checkpoints.org/ai2-llm/peteish13/step134000/
134050,https://olmo-checkpoints.org/ai2-llm/peteish13/step134050/
135000,https://olmo-checkpoints.org/ai2-llm/peteish13/step135000/
136000,https://olmo-checkpoints.org/ai2-llm/peteish13/step136000/
137000,https://olmo-checkpoints.org/ai2-llm/peteish13/step137000/
138000,https://olmo-checkpoints.org/ai2-llm/peteish13/step138000/
139000,https://olmo-checkpoints.org/ai2-llm/peteish13/step139000/
140000,https://olmo-checkpoints.org/ai2-llm/peteish13/step140000/
141000,https://olmo-checkpoints.org/ai2-llm/peteish13/step141000/
142000,https://olmo-checkpoints.org/ai2-llm/peteish13/step142000/
143000,https://olmo-checkpoints.org/ai2-llm/peteish13/step143000/
144000,https://olmo-checkpoints.org/ai2-llm/peteish13/step144000/
145000,https://olmo-checkpoints.org/ai2-llm/peteish13/step145000/
146000,https://olmo-checkpoints.org/ai2-llm/peteish13/step146000/
147000,https://olmo-checkpoints.org/ai2-llm/peteish13/step147000/
148000,https://olmo-checkpoints.org/ai2-llm/peteish13/step148000/
149000,https://olmo-checkpoints.org/ai2-llm/peteish13/step149000/
150000,https://olmo-checkpoints.org/ai2-llm/peteish13/step150000/
151000,https://olmo-checkpoints.org/ai2-llm/peteish13/step151000/
152000,https://olmo-checkpoints.org/ai2-llm/peteish13/step152000/
153000,https://olmo-checkpoints.org/ai2-llm/peteish13/step153000/
154000,https://olmo-checkpoints.org/ai2-llm/peteish13/step154000/
155000,https://olmo-checkpoints.org/ai2-llm/peteish13/step155000/
156000,https://olmo-checkpoints.org/ai2-llm/peteish13/step156000/
157000,https://olmo-checkpoints.org/ai2-llm/peteish13/step157000/
158000,https://olmo-checkpoints.org/ai2-llm/peteish13/step158000/
159000,https://olmo-checkpoints.org/ai2-llm/peteish13/step159000/
160000,https://olmo-checkpoints.org/ai2-llm/peteish13/step160000/
161000,https://olmo-checkpoints.org/ai2-llm/peteish13/step161000/
162000,https://olmo-checkpoints.org/ai2-llm/peteish13/step162000/
163000,https://olmo-checkpoints.org/ai2-llm/peteish13/step163000/
164000,https://olmo-checkpoints.org/ai2-llm/peteish13/step164000/
165000,https://olmo-checkpoints.org/ai2-llm/peteish13/step165000/
166000,https://olmo-checkpoints.org/ai2-llm/peteish13/step166000/
167000,https://olmo-checkpoints.org/ai2-llm/peteish13/step167000/
168000,https://olmo-checkpoints.org/ai2-llm/peteish13/step168000/
169000,https://olmo-checkpoints.org/ai2-llm/peteish13/step169000/
170000,https://olmo-checkpoints.org/ai2-llm/peteish13/step170000/
171000,https://olmo-checkpoints.org/ai2-llm/peteish13/step171000/
172000,https://olmo-checkpoints.org/ai2-llm/peteish13/step172000/
173000,https://olmo-checkpoints.org/ai2-llm/peteish13/step173000/
174000,https://olmo-checkpoints.org/ai2-llm/peteish13/step174000/
175000,https://olmo-checkpoints.org/ai2-llm/peteish13/step175000/
176000,https://olmo-checkpoints.org/ai2-llm/peteish13/step176000/
177000,https://olmo-checkpoints.org/ai2-llm/peteish13/step177000/
178000,https://olmo-checkpoints.org/ai2-llm/peteish13/step178000/
179000,https://olmo-checkpoints.org/ai2-llm/peteish13/step179000/
180000,https://olmo-checkpoints.org/ai2-llm/peteish13/step180000/
181000,https://olmo-checkpoints.org/ai2-llm/peteish13/step181000/
182000,https://olmo-checkpoints.org/ai2-llm/peteish13/step182000/
183000,https://olmo-checkpoints.org/ai2-llm/peteish13/step183000/
184000,https://olmo-checkpoints.org/ai2-llm/peteish13/step184000/
185000,https://olmo-checkpoints.org/ai2-llm/peteish13/step185000/
186000,https://olmo-checkpoints.org/ai2-llm/peteish13/step186000/
187000,https://olmo-checkpoints.org/ai2-llm/peteish13/step187000/
188000,https://olmo-checkpoints.org/ai2-llm/peteish13/step188000/
189000,https://olmo-checkpoints.org/ai2-llm/peteish13/step189000/
190000,https://olmo-checkpoints.org/ai2-llm/peteish13/step190000/
191000,https://olmo-checkpoints.org/ai2-llm/peteish13/step191000/
192000,https://olmo-checkpoints.org/ai2-llm/peteish13/step192000/
193000,https://olmo-checkpoints.org/ai2-llm/peteish13/step193000/
194000,https://olmo-checkpoints.org/ai2-llm/peteish13/step194000/
195000,https://olmo-checkpoints.org/ai2-llm/peteish13/step195000/
196000,https://olmo-checkpoints.org/ai2-llm/peteish13/step196000/
197000,https://olmo-checkpoints.org/ai2-llm/peteish13/step197000/
198000,https://olmo-checkpoints.org/ai2-llm/peteish13/step198000/
199000,https://olmo-checkpoints.org/ai2-llm/peteish13/step199000/
200000,https://olmo-checkpoints.org/ai2-llm/peteish13/step200000/
201000,https://olmo-checkpoints.org/ai2-llm/peteish13/step201000/
202000,https://olmo-checkpoints.org/ai2-llm/peteish13/step202000/
203000,https://olmo-checkpoints.org/ai2-llm/peteish13/step203000/
204000,https://olmo-checkpoints.org/ai2-llm/peteish13/step204000/
205000,https://olmo-checkpoints.org/ai2-llm/peteish13/step205000/
206000,https://olmo-checkpoints.org/ai2-llm/peteish13/step206000/
207000,https://olmo-checkpoints.org/ai2-llm/peteish13/step207000/
208000,https://olmo-checkpoints.org/ai2-llm/peteish13/step208000/
209000,https://olmo-checkpoints.org/ai2-llm/peteish13/step209000/
210000,https://olmo-checkpoints.org/ai2-llm/peteish13/step210000/
211000,https://olmo-checkpoints.org/ai2-llm/peteish13/step211000/
212000,https://olmo-checkpoints.org/ai2-llm/peteish13/step212000/
213000,https://olmo-checkpoints.org/ai2-llm/peteish13/step213000/
214000,https://olmo-checkpoints.org/ai2-llm/peteish13/step214000/
215000,https://olmo-checkpoints.org/ai2-llm/peteish13/step215000/
216000,https://olmo-checkpoints.org/ai2-llm/peteish13/step216000/
217000,https://olmo-checkpoints.org/ai2-llm/peteish13/step217000/
218000,https://olmo-checkpoints.org/ai2-llm/peteish13/step218000/
219000,https://olmo-checkpoints.org/ai2-llm/peteish13/step219000/
220000,https://olmo-checkpoints.org/ai2-llm/peteish13/step220000/
221000,https://olmo-checkpoints.org/ai2-llm/peteish13/step221000/
222000,https://olmo-checkpoints.org/ai2-llm/peteish13/step222000/
223000,https://olmo-checkpoints.org/ai2-llm/peteish13/step223000/
224000,https://olmo-checkpoints.org/ai2-llm/peteish13/step224000/
225000,https://olmo-checkpoints.org/ai2-llm/peteish13/step225000/
226000,https://olmo-checkpoints.org/ai2-llm/peteish13/step226000/
227000,https://olmo-checkpoints.org/ai2-llm/peteish13/step227000/
228000,https://olmo-checkpoints.org/ai2-llm/peteish13/step228000/
229000,https://olmo-checkpoints.org/ai2-llm/peteish13/step229000/
230000,https://olmo-checkpoints.org/ai2-llm/peteish13/step230000/
231000,https://olmo-checkpoints.org/ai2-llm/peteish13/step231000/
232000,https://olmo-checkpoints.org/ai2-llm/peteish13/step232000/
233000,https://olmo-checkpoints.org/ai2-llm/peteish13/step233000/
234000,https://olmo-checkpoints.org/ai2-llm/peteish13/step234000/
235000,https://olmo-checkpoints.org/ai2-llm/peteish13/step235000/
236000,https://olmo-checkpoints.org/ai2-llm/peteish13/step236000/
237000,https://olmo-checkpoints.org/ai2-llm/peteish13/step237000/
238000,https://olmo-checkpoints.org/ai2-llm/peteish13/step238000/
239000,https://olmo-checkpoints.org/ai2-llm/peteish13/step239000/
239000,https://olmo-checkpoints.org/ai2-llm/peteish13/step239000/
240000,https://olmo-checkpoints.org/ai2-llm/peteish13/step240000/
241000,https://olmo-checkpoints.org/ai2-llm/peteish13/step241000/
242000,https://olmo-checkpoints.org/ai2-llm/peteish13/step242000/
243000,https://olmo-checkpoints.org/ai2-llm/peteish13/step243000/
244000,https://olmo-checkpoints.org/ai2-llm/peteish13/step244000/
245000,https://olmo-checkpoints.org/ai2-llm/peteish13/step245000/
246000,https://olmo-checkpoints.org/ai2-llm/peteish13/step246000/
247000,https://olmo-checkpoints.org/ai2-llm/peteish13/step247000/
248000,https://olmo-checkpoints.org/ai2-llm/peteish13/step248000/
249000,https://olmo-checkpoints.org/ai2-llm/peteish13/step249000/
250000,https://olmo-checkpoints.org/ai2-llm/peteish13/step250000/
251000,https://olmo-checkpoints.org/ai2-llm/peteish13/step251000/
252000,https://olmo-checkpoints.org/ai2-llm/peteish13/step252000/
253000,https://olmo-checkpoints.org/ai2-llm/peteish13/step253000/
254000,https://olmo-checkpoints.org/ai2-llm/peteish13/step254000/
255000,https://olmo-checkpoints.org/ai2-llm/peteish13/step255000/
256000,https://olmo-checkpoints.org/ai2-llm/peteish13/step256000/
257000,https://olmo-checkpoints.org/ai2-llm/peteish13/step257000/
258000,https://olmo-checkpoints.org/ai2-llm/peteish13/step258000/
259000,https://olmo-checkpoints.org/ai2-llm/peteish13/step259000/
260000,https://olmo-checkpoints.org/ai2-llm/peteish13/step260000/
261000,https://olmo-checkpoints.org/ai2-llm/peteish13/step261000/
262000,https://olmo-checkpoints.org/ai2-llm/peteish13/step262000/
263000,https://olmo-checkpoints.org/ai2-llm/peteish13/step263000/
264000,https://olmo-checkpoints.org/ai2-llm/peteish13/step264000/
265000,https://olmo-checkpoints.org/ai2-llm/peteish13/step265000/
266000,https://olmo-checkpoints.org/ai2-llm/peteish13/step266000/
267000,https://olmo-checkpoints.org/ai2-llm/peteish13/step267000/
268000,https://olmo-checkpoints.org/ai2-llm/peteish13/step268000/
269000,https://olmo-checkpoints.org/ai2-llm/peteish13/step269000/
270000,https://olmo-checkpoints.org/ai2-llm/peteish13/step270000/
271000,https://olmo-checkpoints.org/ai2-llm/peteish13/step271000/
272000,https://olmo-checkpoints.org/ai2-llm/peteish13/step272000/
273000,https://olmo-checkpoints.org/ai2-llm/peteish13/step273000/
274000,https://olmo-checkpoints.org/ai2-llm/peteish13/step274000/
275000,https://olmo-checkpoints.org/ai2-llm/peteish13/step275000/
276000,https://olmo-checkpoints.org/ai2-llm/peteish13/step276000/
277000,https://olmo-checkpoints.org/ai2-llm/peteish13/step277000/
278000,https://olmo-checkpoints.org/ai2-llm/peteish13/step278000/
279000,https://olmo-checkpoints.org/ai2-llm/peteish13/step279000/
280000,https://olmo-checkpoints.org/ai2-llm/peteish13/step280000/
281000,https://olmo-checkpoints.org/ai2-llm/peteish13/step281000/
282000,https://olmo-checkpoints.org/ai2-llm/peteish13/step282000/
283000,https://olmo-checkpoints.org/ai2-llm/peteish13/step283000/
284000,https://olmo-checkpoints.org/ai2-llm/peteish13/step284000/
285000,https://olmo-checkpoints.org/ai2-llm/peteish13/step285000/
286000,https://olmo-checkpoints.org/ai2-llm/peteish13/step286000/
287000,https://olmo-checkpoints.org/ai2-llm/peteish13/step287000/
288000,https://olmo-checkpoints.org/ai2-llm/peteish13/step288000/
289000,https://olmo-checkpoints.org/ai2-llm/peteish13/step289000/
290000,https://olmo-checkpoints.org/ai2-llm/peteish13/step290000/
291000,https://olmo-checkpoints.org/ai2-llm/peteish13/step291000/
292000,https://olmo-checkpoints.org/ai2-llm/peteish13/step292000/
293000,https://olmo-checkpoints.org/ai2-llm/peteish13/step293000/
294000,https://olmo-checkpoints.org/ai2-llm/peteish13/step294000/
295000,https://olmo-checkpoints.org/ai2-llm/peteish13/step295000/
296000,https://olmo-checkpoints.org/ai2-llm/peteish13/step296000/
297000,https://olmo-checkpoints.org/ai2-llm/peteish13/step297000/
298000,https://olmo-checkpoints.org/ai2-llm/peteish13/step298000/
299000,https://olmo-checkpoints.org/ai2-llm/peteish13/step299000/
300000,https://olmo-checkpoints.org/ai2-llm/peteish13/step300000/
301000,https://olmo-checkpoints.org/ai2-llm/peteish13/step301000/
302000,https://olmo-checkpoints.org/ai2-llm/peteish13/step302000/
303000,https://olmo-checkpoints.org/ai2-llm/peteish13/step303000/
304000,https://olmo-checkpoints.org/ai2-llm/peteish13/step304000/
305000,https://olmo-checkpoints.org/ai2-llm/peteish13/step305000/
306000,https://olmo-checkpoints.org/ai2-llm/peteish13/step306000/
307000,https://olmo-checkpoints.org/ai2-llm/peteish13/step307000/
308000,https://olmo-checkpoints.org/ai2-llm/peteish13/step308000/
309000,https://olmo-checkpoints.org/ai2-llm/peteish13/step309000/
310000,https://olmo-checkpoints.org/ai2-llm/peteish13/step310000/
311000,https://olmo-checkpoints.org/ai2-llm/peteish13/step311000/
312000,https://olmo-checkpoints.org/ai2-llm/peteish13/step312000/
313000,https://olmo-checkpoints.org/ai2-llm/peteish13/step313000/
314000,https://olmo-checkpoints.org/ai2-llm/peteish13/step314000/
315000,https://olmo-checkpoints.org/ai2-llm/peteish13/step315000/
316000,https://olmo-checkpoints.org/ai2-llm/peteish13/step316000/
317000,https://olmo-checkpoints.org/ai2-llm/peteish13/step317000/
318000,https://olmo-checkpoints.org/ai2-llm/peteish13/step318000/
319000,https://olmo-checkpoints.org/ai2-llm/peteish13/step319000/
319450,https://olmo-checkpoints.org/ai2-llm/peteish13/step319450/
320000,https://olmo-checkpoints.org/ai2-llm/peteish13/step320000/
320500,https://olmo-checkpoints.org/ai2-llm/peteish13/step320500/
320700,https://olmo-checkpoints.org/ai2-llm/peteish13/step320700/
321000,https://olmo-checkpoints.org/ai2-llm/peteish13/step321000/
322000,https://olmo-checkpoints.org/ai2-llm/peteish13/step322000/
323000,https://olmo-checkpoints.org/ai2-llm/peteish13/step323000/
324000,https://olmo-checkpoints.org/ai2-llm/peteish13/step324000/
325000,https://olmo-checkpoints.org/ai2-llm/peteish13/step325000/
326000,https://olmo-checkpoints.org/ai2-llm/peteish13/step326000/
327000,https://olmo-checkpoints.org/ai2-llm/peteish13/step327000/
328000,https://olmo-checkpoints.org/ai2-llm/peteish13/step328000/
329000,https://olmo-checkpoints.org/ai2-llm/peteish13/step329000/
330000,https://olmo-checkpoints.org/ai2-llm/peteish13/step330000/
331000,https://olmo-checkpoints.org/ai2-llm/peteish13/step331000/
332000,https://olmo-checkpoints.org/ai2-llm/peteish13/step332000/
333000,https://olmo-checkpoints.org/ai2-llm/peteish13/step333000/
334000,https://olmo-checkpoints.org/ai2-llm/peteish13/step334000/
335000,https://olmo-checkpoints.org/ai2-llm/peteish13/step335000/
336000,https://olmo-checkpoints.org/ai2-llm/peteish13/step336000/
337000,https://olmo-checkpoints.org/ai2-llm/peteish13/step337000/
338000,https://olmo-checkpoints.org/ai2-llm/peteish13/step338000/
339000,https://olmo-checkpoints.org/ai2-llm/peteish13/step339000/
340000,https://olmo-checkpoints.org/ai2-llm/peteish13/step340000/
340850,https://olmo-checkpoints.org/ai2-llm/peteish13/step340850/
341000,https://olmo-checkpoints.org/ai2-llm/peteish13/step341000/
342000,https://olmo-checkpoints.org/ai2-llm/peteish13/step342000/
343000,https://olmo-checkpoints.org/ai2-llm/peteish13/step343000/
344000,https://olmo-checkpoints.org/ai2-llm/peteish13/step344000/
345000,https://olmo-checkpoints.org/ai2-llm/peteish13/step345000/
346000,https://olmo-checkpoints.org/ai2-llm/peteish13/step346000/
347000,https://olmo-checkpoints.org/ai2-llm/peteish13/step347000/
348000,https://olmo-checkpoints.org/ai2-llm/peteish13/step348000/
349000,https://olmo-checkpoints.org/ai2-llm/peteish13/step349000/
350000,https://olmo-checkpoints.org/ai2-llm/peteish13/step350000/
351000,https://olmo-checkpoints.org/ai2-llm/peteish13/step351000/
352000,https://olmo-checkpoints.org/ai2-llm/peteish13/step352000/
353000,https://olmo-checkpoints.org/ai2-llm/peteish13/step353000/
354000,https://olmo-checkpoints.org/ai2-llm/peteish13/step354000/
355000,https://olmo-checkpoints.org/ai2-llm/peteish13/step355000/
356000,https://olmo-checkpoints.org/ai2-llm/peteish13/step356000/
357000,https://olmo-checkpoints.org/ai2-llm/peteish13/step357000/
358000,https://olmo-checkpoints.org/ai2-llm/peteish13/step358000/
359000,https://olmo-checkpoints.org/ai2-llm/peteish13/step359000/
360000,https://olmo-checkpoints.org/ai2-llm/peteish13/step360000/
361000,https://olmo-checkpoints.org/ai2-llm/peteish13/step361000/
362000,https://olmo-checkpoints.org/ai2-llm/peteish13/step362000/
363000,https://olmo-checkpoints.org/ai2-llm/peteish13/step363000/
364000,https://olmo-checkpoints.org/ai2-llm/peteish13/step364000/
364250,https://olmo-checkpoints.org/ai2-llm/peteish13/step364250/
365000,https://olmo-checkpoints.org/ai2-llm/peteish13/step365000/
366000,https://olmo-checkpoints.org/ai2-llm/peteish13/step366000/
367000,https://olmo-checkpoints.org/ai2-llm/peteish13/step367000/
368000,https://olmo-checkpoints.org/ai2-llm/peteish13/step368000/
369000,https://olmo-checkpoints.org/ai2-llm/peteish13/step369000/
370000,https://olmo-checkpoints.org/ai2-llm/peteish13/step370000/
371000,https://olmo-checkpoints.org/ai2-llm/peteish13/step371000/
372000,https://olmo-checkpoints.org/ai2-llm/peteish13/step372000/
373000,https://olmo-checkpoints.org/ai2-llm/peteish13/step373000/
374000,https://olmo-checkpoints.org/ai2-llm/peteish13/step374000/
375000,https://olmo-checkpoints.org/ai2-llm/peteish13/step375000/
376000,https://olmo-checkpoints.org/ai2-llm/peteish13/step376000/
377000,https://olmo-checkpoints.org/ai2-llm/peteish13/step377000/
378000,https://olmo-checkpoints.org/ai2-llm/peteish13/step378000/
379000,https://olmo-checkpoints.org/ai2-llm/peteish13/step379000/
380000,https://olmo-checkpoints.org/ai2-llm/peteish13/step380000/
381000,https://olmo-checkpoints.org/ai2-llm/peteish13/step381000/
382000,https://olmo-checkpoints.org/ai2-llm/peteish13/step382000/
383000,https://olmo-checkpoints.org/ai2-llm/peteish13/step383000/
384000,https://olmo-checkpoints.org/ai2-llm/peteish13/step384000/
385000,https://olmo-checkpoints.org/ai2-llm/peteish13/step385000/
386000,https://olmo-checkpoints.org/ai2-llm/peteish13/step386000/
387000,https://olmo-checkpoints.org/ai2-llm/peteish13/step387000/
388000,https://olmo-checkpoints.org/ai2-llm/peteish13/step388000/
389000,https://olmo-checkpoints.org/ai2-llm/peteish13/step389000/
390000,https://olmo-checkpoints.org/ai2-llm/peteish13/step390000/
391000,https://olmo-checkpoints.org/ai2-llm/peteish13/step391000/
392000,https://olmo-checkpoints.org/ai2-llm/peteish13/step392000/
392750,https://olmo-checkpoints.org/ai2-llm/peteish13/step392750/
393000,https://olmo-checkpoints.org/ai2-llm/peteish13/step393000/
394000,https://olmo-checkpoints.org/ai2-llm/peteish13/step394000/
394650,https://olmo-checkpoints.org/ai2-llm/peteish13/step394650/
395000,https://olmo-checkpoints.org/ai2-llm/peteish13/step395000/
396000,https://olmo-checkpoints.org/ai2-llm/peteish13/step396000/
397000,https://olmo-checkpoints.org/ai2-llm/peteish13/step397000/
398000,https://olmo-checkpoints.org/ai2-llm/peteish13/step398000/
399000,https://olmo-checkpoints.org/ai2-llm/peteish13/step399000/
400000,https://olmo-checkpoints.org/ai2-llm/peteish13/step400000/
401000,https://olmo-checkpoints.org/ai2-llm/peteish13/step401000/
402000,https://olmo-checkpoints.org/ai2-llm/peteish13/step402000/
403000,https://olmo-checkpoints.org/ai2-llm/peteish13/step403000/
404000,https://olmo-checkpoints.org/ai2-llm/peteish13/step404000/
405000,https://olmo-checkpoints.org/ai2-llm/peteish13/step405000/
406000,https://olmo-checkpoints.org/ai2-llm/peteish13/step406000/
407000,https://olmo-checkpoints.org/ai2-llm/peteish13/step407000/
408000,https://olmo-checkpoints.org/ai2-llm/peteish13/step408000/
409000,https://olmo-checkpoints.org/ai2-llm/peteish13/step409000/
410000,https://olmo-checkpoints.org/ai2-llm/peteish13/step410000/
411000,https://olmo-checkpoints.org/ai2-llm/peteish13/step411000/
412000,https://olmo-checkpoints.org/ai2-llm/peteish13/step412000/
413000,https://olmo-checkpoints.org/ai2-llm/peteish13/step413000/
414000,https://olmo-checkpoints.org/ai2-llm/peteish13/step414000/
415000,https://olmo-checkpoints.org/ai2-llm/peteish13/step415000/
416000,https://olmo-checkpoints.org/ai2-llm/peteish13/step416000/
417000,https://olmo-checkpoints.org/ai2-llm/peteish13/step417000/
417450,https://olmo-checkpoints.org/ai2-llm/peteish13/step417450/
418000,https://olmo-checkpoints.org/ai2-llm/peteish13/step418000/
419000,https://olmo-checkpoints.org/ai2-llm/peteish13/step419000/
420000,https://olmo-checkpoints.org/ai2-llm/peteish13/step420000/
421000,https://olmo-checkpoints.org/ai2-llm/peteish13/step421000/
422000,https://olmo-checkpoints.org/ai2-llm/peteish13/step422000/
423000,https://olmo-checkpoints.org/ai2-llm/peteish13/step423000/
424000,https://olmo-checkpoints.org/ai2-llm/peteish13/step424000/
425000,https://olmo-checkpoints.org/ai2-llm/peteish13/step425000/
426000,https://olmo-checkpoints.org/ai2-llm/peteish13/step426000/
427000,https://olmo-checkpoints.org/ai2-llm/peteish13/step427000/
428000,https://olmo-checkpoints.org/ai2-llm/peteish13/step428000/
429000,https://olmo-checkpoints.org/ai2-llm/peteish13/step429000/
430000,https://olmo-checkpoints.org/ai2-llm/peteish13/step430000/
431000,https://olmo-checkpoints.org/ai2-llm/peteish13/step431000/
432000,https://olmo-checkpoints.org/ai2-llm/peteish13/step432000/
433000,https://olmo-checkpoints.org/ai2-llm/peteish13/step433000/
434000,https://olmo-checkpoints.org/ai2-llm/peteish13/step434000/
435000,https://olmo-checkpoints.org/ai2-llm/peteish13/step435000/
436000,https://olmo-checkpoints.org/ai2-llm/peteish13/step436000/
437000,https://olmo-checkpoints.org/ai2-llm/peteish13/step437000/
438000,https://olmo-checkpoints.org/ai2-llm/peteish13/step438000/
439000,https://olmo-checkpoints.org/ai2-llm/peteish13/step439000/
440000,https://olmo-checkpoints.org/ai2-llm/peteish13/step440000/
441000,https://olmo-checkpoints.org/ai2-llm/peteish13/step441000/
442000,https://olmo-checkpoints.org/ai2-llm/peteish13/step442000/
443000,https://olmo-checkpoints.org/ai2-llm/peteish13/step443000/
444000,https://olmo-checkpoints.org/ai2-llm/peteish13/step444000/
445000,https://olmo-checkpoints.org/ai2-llm/peteish13/step445000/
446000,https://olmo-checkpoints.org/ai2-llm/peteish13/step446000/
447000,https://olmo-checkpoints.org/ai2-llm/peteish13/step447000/
448000,https://olmo-checkpoints.org/ai2-llm/peteish13/step448000/
449000,https://olmo-checkpoints.org/ai2-llm/peteish13/step449000/
450000,https://olmo-checkpoints.org/ai2-llm/peteish13/step450000/
451000,https://olmo-checkpoints.org/ai2-llm/peteish13/step451000/
452000,https://olmo-checkpoints.org/ai2-llm/peteish13/step452000/
453000,https://olmo-checkpoints.org/ai2-llm/peteish13/step453000/
454000,https://olmo-checkpoints.org/ai2-llm/peteish13/step454000/
455000,https://olmo-checkpoints.org/ai2-llm/peteish13/step455000/
456000,https://olmo-checkpoints.org/ai2-llm/peteish13/step456000/
457000,https://olmo-checkpoints.org/ai2-llm/peteish13/step457000/
458000,https://olmo-checkpoints.org/ai2-llm/peteish13/step458000/
459000,https://olmo-checkpoints.org/ai2-llm/peteish13/step459000/
460000,https://olmo-checkpoints.org/ai2-llm/peteish13/step460000/
461000,https://olmo-checkpoints.org/ai2-llm/peteish13/step461000/
462000,https://olmo-checkpoints.org/ai2-llm/peteish13/step462000/
463000,https://olmo-checkpoints.org/ai2-llm/peteish13/step463000/
464000,https://olmo-checkpoints.org/ai2-llm/peteish13/step464000/
464323,https://olmo-checkpoints.org/ai2-llm/peteish13/step464323/
465000,https://olmo-checkpoints.org/ai2-llm/peteish13/step465000/
466000,https://olmo-checkpoints.org/ai2-llm/peteish13/step466000/
467000,https://olmo-checkpoints.org/ai2-llm/peteish13/step467000/
468000,https://olmo-checkpoints.org/ai2-llm/peteish13/step468000/
469000,https://olmo-checkpoints.org/ai2-llm/peteish13/step469000/
470000,https://olmo-checkpoints.org/ai2-llm/peteish13/step470000/
471000,https://olmo-checkpoints.org/ai2-llm/peteish13/step471000/
472000,https://olmo-checkpoints.org/ai2-llm/peteish13/step472000/
473000,https://olmo-checkpoints.org/ai2-llm/peteish13/step473000/
474000,https://olmo-checkpoints.org/ai2-llm/peteish13/step474000/
475000,https://olmo-checkpoints.org/ai2-llm/peteish13/step475000/
476000,https://olmo-checkpoints.org/ai2-llm/peteish13/step476000/
476848,https://olmo-checkpoints.org/ai2-llm/peteish13/step476848/
476858,https://olmo-checkpoints.org/ai2-llm/peteish13/step476858/
477000,https://olmo-checkpoints.org/ai2-llm/peteish13/step477000/
477000,https://olmo-checkpoints.org/ai2-llm/peteish13/step477000/
478000,https://olmo-checkpoints.org/ai2-llm/peteish13/step478000/
478000,https://olmo-checkpoints.org/ai2-llm/peteish13/step478000/
479000,https://olmo-checkpoints.org/ai2-llm/peteish13/step479000/
479000,https://olmo-checkpoints.org/ai2-llm/peteish13/step479000/
480000,https://olmo-checkpoints.org/ai2-llm/peteish13/step480000/
480000,https://olmo-checkpoints.org/ai2-llm/peteish13/step480000/
481000,https://olmo-checkpoints.org/ai2-llm/peteish13/step481000/
481000,https://olmo-checkpoints.org/ai2-llm/peteish13/step481000/
482000,https://olmo-checkpoints.org/ai2-llm/peteish13/step482000/
482000,https://olmo-checkpoints.org/ai2-llm/peteish13/step482000/
483000,https://olmo-checkpoints.org/ai2-llm/peteish13/step483000/
483000,https://olmo-checkpoints.org/ai2-llm/peteish13/step483000/
484000,https://olmo-checkpoints.org/ai2-llm/peteish13/step484000/
484000,https://olmo-checkpoints.org/ai2-llm/peteish13/step484000/
485000,https://olmo-checkpoints.org/ai2-llm/peteish13/step485000/
485000,https://olmo-checkpoints.org/ai2-llm/peteish13/step485000/
486000,https://olmo-checkpoints.org/ai2-llm/peteish13/step486000/
486000,https://olmo-checkpoints.org/ai2-llm/peteish13/step486000/
487000,https://olmo-checkpoints.org/ai2-llm/peteish13/step487000/
487000,https://olmo-checkpoints.org/ai2-llm/peteish13/step487000/
488000,https://olmo-checkpoints.org/ai2-llm/peteish13/step488000/
488000,https://olmo-checkpoints.org/ai2-llm/peteish13/step488000/
489000,https://olmo-checkpoints.org/ai2-llm/peteish13/step489000/
489000,https://olmo-checkpoints.org/ai2-llm/peteish13/step489000/
489050,https://olmo-checkpoints.org/ai2-llm/peteish13/step489050/
490000,https://olmo-checkpoints.org/ai2-llm/peteish13/step490000/
490000,https://olmo-checkpoints.org/ai2-llm/peteish13/step490000/
491000,https://olmo-checkpoints.org/ai2-llm/peteish13/step491000/
491000,https://olmo-checkpoints.org/ai2-llm/peteish13/step491000/
492000,https://olmo-checkpoints.org/ai2-llm/peteish13/step492000/
492000,https://olmo-checkpoints.org/ai2-llm/peteish13/step492000/
493000,https://olmo-checkpoints.org/ai2-llm/peteish13/step493000/
493000,https://olmo-checkpoints.org/ai2-llm/peteish13/step493000/
494000,https://olmo-checkpoints.org/ai2-llm/peteish13/step494000/
494000,https://olmo-checkpoints.org/ai2-llm/peteish13/step494000/
495000,https://olmo-checkpoints.org/ai2-llm/peteish13/step495000/
495000,https://olmo-checkpoints.org/ai2-llm/peteish13/step495000/
496000,https://olmo-checkpoints.org/ai2-llm/peteish13/step496000/
496000,https://olmo-checkpoints.org/ai2-llm/peteish13/step496000/
497000,https://olmo-checkpoints.org/ai2-llm/peteish13/step497000/
497000,https://olmo-checkpoints.org/ai2-llm/peteish13/step497000/
498000,https://olmo-checkpoints.org/ai2-llm/peteish13/step498000/
498000,https://olmo-checkpoints.org/ai2-llm/peteish13/step498000/
499000,https://olmo-checkpoints.org/ai2-llm/peteish13/step499000/
499000,https://olmo-checkpoints.org/ai2-llm/peteish13/step499000/
500000,https://olmo-checkpoints.org/ai2-llm/peteish13/step500000/
500000,https://olmo-checkpoints.org/ai2-llm/peteish13/step500000/
501000,https://olmo-checkpoints.org/ai2-llm/peteish13/step501000/
501000,https://olmo-checkpoints.org/ai2-llm/peteish13/step501000/
502000,https://olmo-checkpoints.org/ai2-llm/peteish13/step502000/
502000,https://olmo-checkpoints.org/ai2-llm/peteish13/step502000/
503000,https://olmo-checkpoints.org/ai2-llm/peteish13/step503000/
503000,https://olmo-checkpoints.org/ai2-llm/peteish13/step503000/
504000,https://olmo-checkpoints.org/ai2-llm/peteish13/step504000/
504000,https://olmo-checkpoints.org/ai2-llm/peteish13/step504000/
505000,https://olmo-checkpoints.org/ai2-llm/peteish13/step505000/
505000,https://olmo-checkpoints.org/ai2-llm/peteish13/step505000/
506000,https://olmo-checkpoints.org/ai2-llm/peteish13/step506000/
506000,https://olmo-checkpoints.org/ai2-llm/peteish13/step506000/
507000,https://olmo-checkpoints.org/ai2-llm/peteish13/step507000/
507000,https://olmo-checkpoints.org/ai2-llm/peteish13/step507000/
508000,https://olmo-checkpoints.org/ai2-llm/peteish13/step508000/
508000,https://olmo-checkpoints.org/ai2-llm/peteish13/step508000/
509000,https://olmo-checkpoints.org/ai2-llm/peteish13/step509000/
509000,https://olmo-checkpoints.org/ai2-llm/peteish13/step509000/
510000,https://olmo-checkpoints.org/ai2-llm/peteish13/step510000/
510000,https://olmo-checkpoints.org/ai2-llm/peteish13/step510000/
511000,https://olmo-checkpoints.org/ai2-llm/peteish13/step511000/
511000,https://olmo-checkpoints.org/ai2-llm/peteish13/step511000/
512000,https://olmo-checkpoints.org/ai2-llm/peteish13/step512000/
512000,https://olmo-checkpoints.org/ai2-llm/peteish13/step512000/
513000,https://olmo-checkpoints.org/ai2-llm/peteish13/step513000/
513000,https://olmo-checkpoints.org/ai2-llm/peteish13/step513000/
514000,https://olmo-checkpoints.org/ai2-llm/peteish13/step514000/
514000,https://olmo-checkpoints.org/ai2-llm/peteish13/step514000/
515000,https://olmo-checkpoints.org/ai2-llm/peteish13/step515000/
515000,https://olmo-checkpoints.org/ai2-llm/peteish13/step515000/
516000,https://olmo-checkpoints.org/ai2-llm/peteish13/step516000/
517000,https://olmo-checkpoints.org/ai2-llm/peteish13/step517000/
518000,https://olmo-checkpoints.org/ai2-llm/peteish13/step518000/
519000,https://olmo-checkpoints.org/ai2-llm/peteish13/step519000/
520000,https://olmo-checkpoints.org/ai2-llm/peteish13/step520000/
521000,https://olmo-checkpoints.org/ai2-llm/peteish13/step521000/
522000,https://olmo-checkpoints.org/ai2-llm/peteish13/step522000/
523000,https://olmo-checkpoints.org/ai2-llm/peteish13/step523000/
524000,https://olmo-checkpoints.org/ai2-llm/peteish13/step524000/
525000,https://olmo-checkpoints.org/ai2-llm/peteish13/step525000/
526000,https://olmo-checkpoints.org/ai2-llm/peteish13/step526000/
527000,https://olmo-checkpoints.org/ai2-llm/peteish13/step527000/
528000,https://olmo-checkpoints.org/ai2-llm/peteish13/step528000/
529000,https://olmo-checkpoints.org/ai2-llm/peteish13/step529000/
530000,https://olmo-checkpoints.org/ai2-llm/peteish13/step530000/
531000,https://olmo-checkpoints.org/ai2-llm/peteish13/step531000/
532000,https://olmo-checkpoints.org/ai2-llm/peteish13/step532000/
533000,https://olmo-checkpoints.org/ai2-llm/peteish13/step533000/
534000,https://olmo-checkpoints.org/ai2-llm/peteish13/step534000/
535000,https://olmo-checkpoints.org/ai2-llm/peteish13/step535000/
536000,https://olmo-checkpoints.org/ai2-llm/peteish13/step536000/
537000,https://olmo-checkpoints.org/ai2-llm/peteish13/step537000/
538000,https://olmo-checkpoints.org/ai2-llm/peteish13/step538000/
539000,https://olmo-checkpoints.org/ai2-llm/peteish13/step539000/
540000,https://olmo-checkpoints.org/ai2-llm/peteish13/step540000/
541000,https://olmo-checkpoints.org/ai2-llm/peteish13/step541000/
542000,https://olmo-checkpoints.org/ai2-llm/peteish13/step542000/
543000,https://olmo-checkpoints.org/ai2-llm/peteish13/step543000/
544000,https://olmo-checkpoints.org/ai2-llm/peteish13/step544000/
545000,https://olmo-checkpoints.org/ai2-llm/peteish13/step545000/
546000,https://olmo-checkpoints.org/ai2-llm/peteish13/step546000/
547000,https://olmo-checkpoints.org/ai2-llm/peteish13/step547000/
548000,https://olmo-checkpoints.org/ai2-llm/peteish13/step548000/
549000,https://olmo-checkpoints.org/ai2-llm/peteish13/step549000/
550000,https://olmo-checkpoints.org/ai2-llm/peteish13/step550000/
551000,https://olmo-checkpoints.org/ai2-llm/peteish13/step551000/
552000,https://olmo-checkpoints.org/ai2-llm/peteish13/step552000/
553000,https://olmo-checkpoints.org/ai2-llm/peteish13/step553000/
554000,https://olmo-checkpoints.org/ai2-llm/peteish13/step554000/
555000,https://olmo-checkpoints.org/ai2-llm/peteish13/step555000/
556000,https://olmo-checkpoints.org/ai2-llm/peteish13/step556000/
557000,https://olmo-checkpoints.org/ai2-llm/peteish13/step557000/
558000,https://olmo-checkpoints.org/ai2-llm/peteish13/step558000/
559000,https://olmo-checkpoints.org/ai2-llm/peteish13/step559000/
560000,https://olmo-checkpoints.org/ai2-llm/peteish13/step560000/
561000,https://olmo-checkpoints.org/ai2-llm/peteish13/step561000/
562000,https://olmo-checkpoints.org/ai2-llm/peteish13/step562000/
563000,https://olmo-checkpoints.org/ai2-llm/peteish13/step563000/
564000,https://olmo-checkpoints.org/ai2-llm/peteish13/step564000/
565000,https://olmo-checkpoints.org/ai2-llm/peteish13/step565000/
566000,https://olmo-checkpoints.org/ai2-llm/peteish13/step566000/
567000,https://olmo-checkpoints.org/ai2-llm/peteish13/step567000/
568000,https://olmo-checkpoints.org/ai2-llm/peteish13/step568000/
569000,https://olmo-checkpoints.org/ai2-llm/peteish13/step569000/
570000,https://olmo-checkpoints.org/ai2-llm/peteish13/step570000/
571000,https://olmo-checkpoints.org/ai2-llm/peteish13/step571000/
572000,https://olmo-checkpoints.org/ai2-llm/peteish13/step572000/
573000,https://olmo-checkpoints.org/ai2-llm/peteish13/step573000/
574000,https://olmo-checkpoints.org/ai2-llm/peteish13/step574000/
575000,https://olmo-checkpoints.org/ai2-llm/peteish13/step575000/
576000,https://olmo-checkpoints.org/ai2-llm/peteish13/step576000/
577000,https://olmo-checkpoints.org/ai2-llm/peteish13/step577000/
578000,https://olmo-checkpoints.org/ai2-llm/peteish13/step578000/
579000,https://olmo-checkpoints.org/ai2-llm/peteish13/step579000/
580000,https://olmo-checkpoints.org/ai2-llm/peteish13/step580000/
581000,https://olmo-checkpoints.org/ai2-llm/peteish13/step581000/
582000,https://olmo-checkpoints.org/ai2-llm/peteish13/step582000/
583000,https://olmo-checkpoints.org/ai2-llm/peteish13/step583000/
584000,https://olmo-checkpoints.org/ai2-llm/peteish13/step584000/
585000,https://olmo-checkpoints.org/ai2-llm/peteish13/step585000/
586000,https://olmo-checkpoints.org/ai2-llm/peteish13/step586000/
587000,https://olmo-checkpoints.org/ai2-llm/peteish13/step587000/
588000,https://olmo-checkpoints.org/ai2-llm/peteish13/step588000/
589000,https://olmo-checkpoints.org/ai2-llm/peteish13/step589000/
590000,https://olmo-checkpoints.org/ai2-llm/peteish13/step590000/
591000,https://olmo-checkpoints.org/ai2-llm/peteish13/step591000/
592000,https://olmo-checkpoints.org/ai2-llm/peteish13/step592000/
593000,https://olmo-checkpoints.org/ai2-llm/peteish13/step593000/
594000,https://olmo-checkpoints.org/ai2-llm/peteish13/step594000/
595000,https://olmo-checkpoints.org/ai2-llm/peteish13/step595000/
596000,https://olmo-checkpoints.org/ai2-llm/peteish13/step596000/
596057,https://olmo-checkpoints.org/ai2-llm/peteish13/step596057/
